timestamp_hour,lead_time_min,node_id,latitude,longitude,rainfall_intensity_mm_hr,Q_in_m3s,Q_network_demand_m3s,Q_capacity_m3s,drain_utilization_pct,net_surcharge_m3s,backflow_m3s,overflow_volume_m3,surface_depth_cm,surcharge_depth_cm,flood_depth_cm,status,blocked
0.0833,5,MH_VL_001,12.981,80.2106,0.233,7.6e-05,7.6e-05,0.427,0.02,0.0,0.0,0.0,0.0,0.0,0.0,SAFE,False
0.0833,5,MH_VL_002,12.9834,80.2269,5.851,0.001567,0.001644,0.0,0.0,0.001644,0.001644,0.493,0.06,0.81,0.81,SAFE,True
0.0833,5,MH_VL_003,12.9658,80.2123,0.005,3e-06,3e-06,1.0287,0.0,0.0,0.0,0.0,0.0,0.0,0.0,SAFE,False
0.0833,5,MH_VL_004,12.979,80.2279,9.082,0.003203,0.010602,0.0,0.0,0.010602,0.010602,3.181,0.29,4.42,4.42,SAFE,True
0.0833,5,MH_VL_005,12.9762,80.217,58.324,0.015038,0.015038,0.4434,3.39,0.0,0.0,0.0,1.43,0.0,1.43,SAFE,False
0.0833,5,MH_VL_006,12.9735,80.2139,9.529,0.002496,0.002496,0.4845,0.52,0.0,0.0,0.0,0.26,0.0,0.26,SAFE,False
0.0833,5,MH_VL_007,12.9674,80.2312,0.0,0.0,0.011265,0.0,0.0,0.011265,0.011265,3.38,0.0,4.12,4.12,SAFE,True
0.0833,5,MH_VL_008,12.9832,80.2234,1.166,0.001115,0.008769,0.1472,5.96,0.0,0.0,0.0,0.02,0.0,0.02,SAFE,False
0.0833,5,MH_VL_009,12.9857,80.2255,0.323,0.000153,0.00017,0.0,0.0,0.00017,0.00017,0.051,0.01,0.06,0.06,SAFE,True
0.0833,5,MH_VL_010,12.9667,80.2265,0.004,1e-06,3.1e-05,0.4161,0.01,0.0,0.0,0.0,0.0,0.0,0.0,SAFE,False
0.0833,5,MH_VL_011,12.9867,80.2195,0.055,6.9e-05,6.9e-05,0.2991,0.02,0.0,0.0,0.0,0.0,0.0,0.0,SAFE,False
0.0833,5,MH_VL_012,12.9739,80.2268,0.712,0.000285,0.000324,0.186,0.17,0.0,0.0,0.0,0.01,0.0,0.01,SAFE,False
0.0833,5,MH_VL_013,12.9802,80.2143,7.188,0.001798,0.001798,0.4145,0.43,0.0,0.0,0.0,0.13,0.0,0.13,SAFE,False
0.0833,5,MH_VL_014,12.9745,80.2347,0.0,0.0,0.01147,0.0,0.0,0.01147,0.01147,3.441,0.0,3.82,3.82,SAFE,True
0.0833,5,MH_VL_015,12.9821,80.2311,3.805,0.001087,0.009672,0.1284,7.53,0.0,0.0,0.0,0.07,0.0,0.07,SAFE,False
0.0833,5,MH_VL_016,12.9851,80.22,0.391,0.000109,0.000109,0.5398,0.02,0.0,0.0,0.0,0.01,0.0,0.01,SAFE,False
0.0833,5,MH_VL_017,12.9792,80.2279,10.317,0.008141,0.008261,0.5421,1.52,0.0,0.0,0.0,0.16,0.0,0.16,SAFE,False
0.0833,5,MH_VL_018,12.9871,80.2261,0.067,4e-05,4e-05,0.4969,0.01,0.0,0.0,0.0,0.0,0.0,0.0,SAFE,False
0.0833,5,MH_VL_019,12.9836,80.2235,0.82,0.0003,0.009288,0.0,0.0,0.009288,0.009288,2.787,0.02,3.72,3.72,SAFE,True
0.0833,5,MH_VL_020,12.9796,80.219,33.32,0.02394,0.02394,1.4753,1.62,0.0,0.0,0.0,0.8,0.0,0.8,SAFE,False
0.0833,5,MH_VL_021,12.9839,80.2315,0.972,0.000754,0.01873,0.0,0.0,0.01873,0.01873,5.619,0.03,4.36,4.36,SAFE,True
0.0833,5,MH_VL_022,12.982,80.2249,4.22,0.005342,0.005342,0.8511,0.63,0.0,0.0,0.0,0.17,0.0,0.17,SAFE,False
0.0833,5,MH_VL_023,12.9767,80.2163,47.493,0.011698,0.011698,1.0722,1.09,0.0,0.0,0.0,0.32,0.0,0.32,SAFE,False
0.0833,5,MH_VL_024,12.9679,80.2321,0.0,0.0,0.015172,0.0,0.0,0.015172,0.015172,4.551,0.0,4.74,4.74,SAFE,True
0.0833,5,MH_VL_025,12.9723,80.214,6.088,0.002933,0.002933,1.9701,0.15,0.0,0.0,0.0,0.12,0.0,0.12,SAFE,False
0.0833,5,MH_VL_026,12.9716,80.2225,6.826,0.004898,0.004903,0.0,0.0,0.004903,0.004903,1.471,0.27,0.75,0.75,SAFE,True
0.0833,5,MH_VL_027,12.9868,80.2175,0.046,1.6e-05,1.6e-05,0.6562,0.0,0.0,0.0,0.0,0.0,0.0,0.0,SAFE,False
0.0833,5,MH_VL_028,12.9688,80.2291,0.002,1e-06,0.006319,0.0,0.0,0.006319,0.006319,1.896,0.0,1.76,1.76,SAFE,True
0.0833,5,MH_VL_029,12.98,80.2222,12.241,0.004149,0.004501,0.4247,1.06,0.0,0.0,0.0,0.11,0.0,0.11,SAFE,False
0.0833,5,MH_VL_030,12.9858,80.2177,0.174,5e-05,0.000319,0.0,0.0,0.000319,0.000319,0.096,0.0,0.12,0.12,SAFE,True
0.0833,5,MH_VL_031,12.9887,80.2121,0.0,0.0,0.000621,1.1871,0.05,0.0,0.0,0.0,0.0,0.0,0.0,SAFE,False
0.0833,5,MH_VL_032,12.9783,80.2131,6.714,0.002208,0.002208,1.1386,0.19,0.0,0.0,0.0,0.17,0.0,0.17,SAFE,False
0.0833,5,MH_VL_033,12.9691,80.2232,0.679,0.000247,0.000247,0.7546,0.03,0.0,0.0,0.0,0.0,0.0,0.0,SAFE,False
0.0833,5,MH_VL_034,12.9882,80.2289,0.012,3e-06,0.010057,0.0,0.0,0.010057,0.010057,3.017,0.0,5.2,5.2,CAUTION,True
0.0833,5,MH_VL_035,12.975,80.2268,1.003,0.000412,0.009808,0.5575,1.76,0.0,0.0,0.0,0.02,0.0,0.02,SAFE,False
0.0833,5,MH_VL_036,12.9763,80.2162,46.843,0.015411,0.015411,3.8254,0.4,0.0,0.0,0.0,0.37,0.0,0.37,SAFE,False
0.0833,5,MH_VL_037,12.9788,80.2247,6.351,0.001414,0.009018,0.0,0.0,0.009018,0.009018,2.705,0.19,5.01,5.01,CAUTION,True
0.0833,5,MH_VL_038,12.9665,80.2117,0.007,2e-06,2e-06,5.9913,0.0,0.0,0.0,0.0,0.0,0.0,0.0,SAFE,False
0.0833,5,MH_VL_039,12.971,80.2267,0.19,0.000139,0.000139,0.862,0.02,0.0,0.0,0.0,0.0,0.0,0.0,SAFE,False
0.0833,5,MH_VL_040,12.9884,80.2243,0.002,2e-06,0.000162,0.0,0.0,0.000162,0.000162,0.049,0.0,0.02,0.02,SAFE,True
0.0833,5,MH_VL_041,12.9852,80.2148,0.145,6.6e-05,6.6e-05,1.2129,0.01,0.0,0.0,0.0,0.0,0.0,0.0,SAFE,False
0.0833,5,MH_VL_042,12.9756,80.2217,38.24,0.007074,0.007155,0.0,0.0,0.007155,0.007155,2.146,0.9,4.88,4.88,SAFE,True
0.0833,5,MH_VL_043,12.9896,80.2125,0.0,0.0,3.4e-05,4.4582,0.0,0.0,0.0,0.0,0.0,0.0,0.0,SAFE,False
0.0833,5,MH_VL_044,12.9677,80.2148,0.241,8.9e-05,8.9e-05,2.9329,0.0,0.0,0.0,0.0,0.0,0.0,0.0,SAFE,False
0.0833,5,MH_VL_045,12.9696,80.2216,2.392,0.000887,0.000942,3.2312,0.03,0.0,0.0,0.0,0.06,0.0,0.06,SAFE,False
0.0833,5,MH_VL_046,12.9864,80.2124,0.007,2e-06,2e-06,3.2114,0.0,0.0,0.0,0.0,0.0,0.0,0.0,SAFE,False
0.0833,5,MH_VL_047,12.9892,80.2332,0.0,0.0,0.001039,0.0,0.0,0.001039,0.001039,0.312,0.0,0.28,0.28,SAFE,True
0.0833,5,MH_VL_048,12.977,80.2316,0.362,9.4e-05,9.4e-05,1.2624,0.01,0.0,0.0,0.0,0.01,0.0,0.01,SAFE,False
0.0833,5,MH_VL_049,12.9896,80.2166,0.001,1e-06,1e-06,5.3659,0.0,0.0,0.0,0.0,0.0,0.0,0.0,SAFE,False
0.0833,5,MH_VL_050,12.9889,80.2349,0.0,0.0,0.0,0.0,0.0,0.0,0.0,0.0,0.0,0.0,0.0,SAFE,True
0.1667,10,MH_VL_001,12.981,80.2106,0.198,6.4e-05,6.4e-05,0.427,0.02,0.0,0.0,0.0,0.01,0.0,0.01,SAFE,False
0.1667,10,MH_VL_002,12.9834,80.2269,5.45,0.001459,0.001525,0.0,0.0,0.001525,0.001525,0.457,0.16,0.75,0.75,SAFE,True
0.1667,10,MH_VL_003,12.9658,80.2123,0.005,3e-06,3e-06,1.0287,0.0,0.0,0.0,0.0,0.0,0.0,0.0,SAFE,False
0.1667,10,MH_VL_004,12.979,80.2279,9.275,0.003271,0.010465,0.0,0.0,0.010465,0.010465,3.139,0.91,4.36,4.36,SAFE,True
0.1667,10,MH_VL_005,12.9762,80.217,56.706,0.014621,0.014621,0.4434,3.3,0.0,0.0,0.0,4.02,0.0,4.02,SAFE,False
0.1667,10,MH_VL_006,12.9735,80.2139,8.953,0.002345,0.002345,0.4845,0.48,0.0,0.0,0.0,0.65,0.0,0.65,SAFE,False
0.1667,10,MH_VL_007,12.9674,80.2312,0.0,0.0,0.01085,0.0,0.0,0.01085,0.01085,3.255,0.0,3.97,3.97,SAFE,True
0.1667,10,MH_VL_008,12.9832,80.2234,1.112,0.001063,0.008505,0.1472,5.78,0.0,0.0,0.0,0.06,0.0,0.06,SAFE,False
0.1667,10,MH_VL_009,12.9857,80.2255,0.28,0.000132,0.000149,0.0,0.0,0.000149,0.000149,0.045,0.03,0.06,0.06,SAFE,True
0.1667,10,MH_VL_010,12.9667,80.2265,0.005,1e-06,2.9e-05,0.4161,0.01,0.0,0.0,0.0,0.0,0.0,0.0,SAFE,False
0.1667,10,MH_VL_011,12.9867,80.2195,0.052,6.5e-05,6.5e-05,0.2991,0.02,0.0,0.0,0.0,0.0,0.0,0.0,SAFE,False
0.1667,10,MH_VL_012,12.9739,80.2268,0.822,0.000329,0.000365,0.186,0.2,0.0,0.0,0.0,0.04,0.0,0.04,SAFE,False
0.1667,10,MH_VL_013,12.9802,80.2143,6.515,0.00163,0.00163,0.4145,0.39,0.0,0.0,0.0,0.35,0.0,0.35,SAFE,False
0.1667,10,MH_VL_014,12.9745,80.2347,0.0,0.0,0.011572,0.0,0.0,0.011572,0.011572,3.472,0.0,3.86,3.86,SAFE,True
0.1667,10,MH_VL_015,12.9821,80.2311,4.131,0.00118,0.009942,0.1284,7.74,0.0,0.0,0.0,0.17,0.0,0.17,SAFE,False
0.1667,10,MH_VL_016,12.9851,80.22,0.377,0.000105,0.000105,0.5398,0.02,0.0,0.0,0.0,0.02,0.0,0.02,SAFE,False
0.1667,10,MH_VL_017,12.9792,80.2279,10.495,0.008282,0.008397,0.5421,1.55,0.0,0.0,0.0,0.42,0.0,0.42,SAFE,False
0.1667,10,MH_VL_018,12.9871,80.2261,0.058,3.5e-05,3.5e-05,0.4969,0.01,0.0,0.0,0.0,0.0,0.0,0.0,SAFE,False
0.1667,10,MH_VL_019,12.9836,80.2235,0.769,0.000281,0.00911,0.0,0.0,0.00911,0.00911,2.733,0.05,3.64,3.64,SAFE,True
0.1667,10,MH_VL_020,12.9796,80.219,32.73,0.023516,0.023516,1.4753,1.59,0.0,0.0,0.0,2.15,0.0,2.15,SAFE,False
0.1667,10,MH_VL_021,12.9839,80.2315,1.046,0.000811,0.018261,0.0,0.0,0.018261,0.018261,5.478,0.09,4.25,4.25,SAFE,True
0.1667,10,MH_VL_022,12.982,80.2249,3.857,0.004882,0.004882,0.8511,0.57,0.0,0.0,0.0,0.45,0.0,0.45,SAFE,False
0.1667,10,MH_VL_023,12.9767,80.2163,45.479,0.011202,0.011202,1.0722,1.04,0.0,0.0,0.0,0.83,0.0,0.83,SAFE,False
0.1667,10,MH_VL_024,12.9679,80.2321,0.0,0.0,0.014415,0.0,0.0,0.014415,0.014415,4.324,0.0,4.5,4.5,SAFE,True
0.1667,10,MH_VL_025,12.9723,80.214,5.771,0.002781,0.002781,1.9701,0.14,0.0,0.0,0.0,0.28,0.0,0.28,SAFE,False
0.1667,10,MH_VL_026,12.9716,80.2225,7.472,0.005361,0.005366,0.0,0.0,0.005366,0.005366,1.61,0.79,0.82,0.82,SAFE,True
0.1667,10,MH_VL_027,12.9868,80.2175,0.042,1.4e-05,1.4e-05,0.6562,0.0,0.0,0.0,0.0,0.0,0.0,0.0,SAFE,False
0.1667,10,MH_VL_028,12.9688,80.2291,0.002,1e-06,0.006312,0.0,0.0,0.006312,0.006312,1.894,0.0,1.75,1.75,SAFE,True
0.1667,10,MH_VL_029,12.98,80.2222,12.607,0.004273,0.00459,0.4247,1.08,0.0,0.0,0.0,0.18,0.0,0.18,SAFE,False
0.1667,10,MH_VL_030,12.9858,80.2177,0.161,4.7e-05,0.000288,0.0,0.0,0.000288,0.000288,0.086,0.01,0.11,0.11,SAFE,True
0.1667,10,MH_VL_031,12.9887,80.2121,0.0,0.0,0.000558,1.1871,0.05,0.0,0.0,0.0,0.0,0.0,0.0,SAFE,False
0.1667,10,MH_VL_032,12.9783,80.2131,6.035,0.001985,0.001985,1.1386,0.17,0.0,0.0,0.0,0.39,0.0,0.39,SAFE,False
0.1667,10,MH_VL_033,12.9691,80.2232,0.763,0.000277,0.000277,0.7546,0.04,0.0,0.0,0.0,0.01,0.0,0.01,SAFE,False
0.1667,10,MH_VL_034,12.9882,80.2289,0.012,3e-06,0.009658,0.0,0.0,0.009658,0.009658,2.897,0.0,5.0,5.0,SAFE,True
0.1667,10,MH_VL_035,12.975,80.2268,1.139,0.000468,0.009378,0.5575,1.68,0.0,0.0,0.0,0.05,0.0,0.05,SAFE,False
0.1667,10,MH_VL_036,12.9763,80.2162,44.894,0.01477,0.01477,3.8254,0.39,0.0,0.0,0.0,0.88,0.0,0.88,SAFE,False
0.1667,10,MH_VL_037,12.9788,80.2247,6.58,0.001465,0.008753,0.0,0.0,0.008753,0.008753,2.626,0.51,4.86,4.86,SAFE,True
0.1667,10,MH_VL_038,12.9665,80.2117,0.007,2e-06,2e-06,5.9913,0.0,0.0,0.0,0.0,0.0,0.0,0.0,SAFE,False
0.1667,10,MH_VL_039,12.971,80.2267,0.223,0.000164,0.000164,0.862,0.02,0.0,0.0,0.0,0.0,0.0,0.0,SAFE,False
0.1667,10,MH_VL_040,12.9884,80.2243,0.002,2e-06,0.000186,0.0,0.0,0.000186,0.000186,0.056,0.0,0.02,0.02,SAFE,True
0.1667,10,MH_VL_041,12.9852,80.2148,0.128,5.8e-05,5.8e-05,1.2129,0.0,0.0,0.0,0.0,0.01,0.0,0.01,SAFE,False
0.1667,10,MH_VL_042,12.9756,80.2217,40.262,0.007448,0.007521,0.0,0.0,0.007521,0.007521,2.256,2.67,5.13,5.13,CAUTION,True
0.1667,10,MH_VL_043,12.9896,80.2125,0.0,0.0,3.3e-05,4.4582,0.0,0.0,0.0,0.0,0.0,0.0,0.0,SAFE,False
0.1667,10,MH_VL_044,12.9677,80.2148,0.238,8.8e-05,8.8e-05,2.9329,0.0,0.0,0.0,0.0,0.01,0.0,0.01,SAFE,False
0.1667,10,MH_VL_045,12.9696,80.2216,2.613,0.000969,0.001024,3.2312,0.03,0.0,0.0,0.0,0.2,0.0,0.2,SAFE,False
0.1667,10,MH_VL_046,12.9864,80.2124,0.005,2e-06,2e-06,3.2114,0.0,0.0,0.0,0.0,0.0,0.0,0.0,SAFE,False
0.1667,10,MH_VL_047,12.9892,80.2332,0.0,0.0,0.001137,0.0,0.0,0.001137,0.001137,0.341,0.0,0.31,0.31,SAFE,True
0.1667,10,MH_VL_048,12.977,80.2316,0.427,0.000111,0.000111,1.2624,0.01,0.0,0.0,0.0,0.01,0.0,0.01,SAFE,False
0.1667,10,MH_VL_049,12.9896,80.2166,0.0,1e-06,1e-06,5.3659,0.0,0.0,0.0,0.0,0.0,0.0,0.0,SAFE,False
0.1667,10,MH_VL_050,12.9889,80.2349,0.0,0.0,0.0,0.0,0.0,0.0,0.0,0.0,0.0,0.0,0.0,SAFE,True
0.25,15,MH_VL_001,12.981,80.2106,0.167,5.4e-05,5.4e-05,0.427,0.01,0.0,0.0,0.0,0.01,0.0,0.01,SAFE,False
0.25,15,MH_VL_002,12.9834,80.2269,5.054,0.001353,0.001409,0.0,0.0,0.001409,0.001409,0.423,0.3,0.69,0.69,SAFE,True
0.25,15,MH_VL_003,12.9658,80.2123,0.004,3e-06,3e-06,1.0287,0.0,0.0,0.0,0.0,0.0,0.0,0.0,SAFE,False
0.25,15,MH_VL_004,12.979,80.2279,9.43,0.003326,0.010302,0.0,0.0,0.010302,0.010302,3.091,1.91,4.29,4.29,SAFE,True
0.25,15,MH_VL_005,12.9762,80.217,54.993,0.014179,0.014179,0.4434,3.2,0.0,0.0,0.0,7.77,0.0,7.77,CAUTION,False
0.25,15,MH_VL_006,12.9735,80.2139,8.392,0.002198,0.002198,0.4845,0.45,0.0,0.0,0.0,1.14,0.0,1.14,SAFE,False
0.25,15,MH_VL_007,12.9674,80.2312,0.0,0.0,0.010437,0.0,0.0,0.010437,0.010437,3.131,0.0,3.82,3.82,SAFE,True
0.25,15,MH_VL_008,12.9832,80.2234,1.069,0.001022,0.008239,0.1472,5.6,0.0,0.0,0.0,0.14,0.0,0.14,SAFE,False
0.25,15,MH_VL_009,12.9857,80.2255,0.242,0.000114,0.00013,0.0,0.0,0.00013,0.00013,0.039,0.05,0.05,0.05,SAFE,True
0.25,15,MH_VL_010,12.9667,80.2265,0.006,2e-06,2.8e-05,0.4161,0.01,0.0,0.0,0.0,0.0,0.0,0.0,SAFE,False
0.25,15,MH_VL_011,12.9867,80.2195,0.049,6.1e-05,6.1e-05,0.2991,0.02,0.0,0.0,0.0,0.01,0.0,0.01,SAFE,False
0.25,15,MH_VL_012,12.9739,80.2268,0.946,0.000378,0.000413,0.186,0.22,0.0,0.0,0.0,0.08,0.0,0.08,SAFE,False
0.25,15,MH_VL_013,12.9802,80.2143,5.893,0.001474,0.001474,0.4145,0.36,0.0,0.0,0.0,0.67,0.0,0.67,SAFE,False
0.25,15,MH_VL_014,12.9745,80.2347,0.0,0.0,0.011658,0.0,0.0,0.011658,0.011658,3.497,0.0,3.89,3.89,SAFE,True
0.25,15,MH_VL_015,12.9821,80.2311,4.464,0.001275,0.010183,0.1284,7.93,0.0,0.0,0.0,0.3,0.0,0.3,SAFE,False
0.25,15,MH_VL_016,12.9851,80.22,0.363,0.000101,0.000101,0.5398,0.02,0.0,0.0,0.0,0.05,0.0,0.05,SAFE,False
0.25,15,MH_VL_017,12.9792,80.2279,10.627,0.008385,0.008495,0.5421,1.57,0.0,0.0,0.0,0.78,0.0,0.78,SAFE,False
0.25,15,MH_VL_018,12.9871,80.2261,0.05,3e-05,3e-05,0.4969,0.01,0.0,0.0,0.0,0.0,0.0,0.0,SAFE,False
0.25,15,MH_VL_019,12.9836,80.2235,0.727,0.000266,0.008919,0.0,0.0,0.008919,0.008919,2.676,0.09,3.57,3.57,SAFE,True
0.25,15,MH_VL_020,12.9796,80.219,32.075,0.023046,0.023046,1.4753,1.56,0.0,0.0,0.0,4.13,0.0,4.13,SAFE,False
0.25,15,MH_VL_021,12.9839,80.2315,1.121,0.000869,0.017787,0.0,0.0,0.017787,0.017787,5.336,0.16,4.14,4.14,SAFE,True
0.25,15,MH_VL_022,12.982,80.2249,3.527,0.004464,0.004464,0.8511,0.52,0.0,0.0,0.0,0.83,0.0,0.83,SAFE,False
0.25,15,MH_VL_023,12.9767,80.2163,43.44,0.0107,0.0107,1.0722,1.0,0.0,0.0,0.0,1.48,0.0,1.48,SAFE,False
0.25,15,MH_VL_024,12.9679,80.2321,0.0,0.0,0.013671,0.0,0.0,0.013671,0.013671,4.101,0.0,4.27,4.27,SAFE,True
0.25,15,MH_VL_025,12.9723,80.214,5.459,0.00263,0.00263,1.9701,0.13,0.0,0.0,0.0,0.44,0.0,0.44,SAFE,False
0.25,15,MH_VL_026,12.9716,80.2225,8.162,0.005856,0.00586,0.0,0.0,0.00586,0.00586,1.758,1.53,0.89,1.53,SAFE,True
0.25,15,MH_VL_027,12.9868,80.2175,0.038,1.3e-05,1.3e-05,0.6562,0.0,0.0,0.0,0.0,0.0,0.0,0.0,SAFE,False
0.25,15,MH_VL_028,12.9688,80.2291,0.003,1e-06,0.006306,0.0,0.0,0.006306,0.006306,1.892,0.0,1.75,1.75,SAFE,True
0.25,15,MH_VL_029,12.98,80.2222,12.961,0.004393,0.004677,0.4247,1.1,0.0,0.0,0.0,0.31,0.0,0.31,SAFE,False
0.25,15,MH_VL_030,12.9858,80.2177,0.148,4.3e-05,0.000259,0.0,0.0,0.000259,0.000259,0.078,0.01,0.1,0.1,SAFE,True
0.25,15,MH_VL_031,12.9887,80.2121,0.0,0.0,0.000501,1.1871,0.04,0.0,0.0,0.0,0.0,0.0,0.0,SAFE,False
0.25,15,MH_VL_032,12.9783,80.2131,5.412,0.00178,0.00178,1.1386,0.16,0.0,0.0,0.0,0.65,0.0,0.65,SAFE,False
0.25,15,MH_VL_033,12.9691,80.2232,0.858,0.000312,0.000312,0.7546,0.04,0.0,0.0,0.0,0.03,0.0,0.03,SAFE,False
0.25,15,MH_VL_034,12.9882,80.2289,0.011,3e-06,0.009278,0.0,0.0,0.009278,0.009278,2.784,0.0,4.8,4.8,SAFE,True
0.25,15,MH_VL_035,12.975,80.2268,1.292,0.000531,0.008964,0.5575,1.61,0.0,0.0,0.0,0.08,0.0,0.08,SAFE,False
0.25,15,MH_VL_036,12.9763,80.2162,42.918,0.01412,0.01412,3.8254,0.37,0.0,0.0,0.0,1.49,0.0,1.49,SAFE,False
0.25,15,MH_VL_037,12.9788,80.2247,6.834,0.001522,0.008488,0.0,0.0,0.008488,0.008488,2.547,0.94,4.72,4.72,SAFE,True
0.25,15,MH_VL_038,12.9665,80.2117,0.006,2e-06,2e-06,5.9913,0.0,0.0,0.0,0.0,0.0,0.0,0.0,SAFE,False
0.25,15,MH_VL_039,12.971,80.2267,0.262,0.000192,0.000192,0.862,0.02,0.0,0.0,0.0,0.01,0.0,0.01,SAFE,False
0.25,15,MH_VL_040,12.9884,80.2243,0.002,2e-06,0.000214,0.0,0.0,0.000214,0.000214,0.064,0.0,0.02,0.02,SAFE,True
0.25,15,MH_VL_041,12.9852,80.2148,0.113,5.2e-05,5.2e-05,1.2129,0.0,0.0,0.0,0.0,0.02,0.0,0.02,SAFE,False
0.25,15,MH_VL_042,12.9756,80.2217,42.284,0.007822,0.007888,0.0,0.0,0.007888,0.007888,2.366,5.37,5.38,5.38,CAUTION,True
0.25,15,MH_VL_043,12.9896,80.2125,0.0,0.0,3.3e-05,4.4582,0.0,0.0,0.0,0.0,0.0,0.0,0.0,SAFE,False
0.25,15,MH_VL_044,12.9677,80.2148,0.235,8.7e-05,8.7e-05,2.9329,0.0,0.0,0.0,0.0,0.01,0.0,0.01,SAFE,False
0.25,15,MH_VL_045,12.9696,80.2216,2.849,0.001056,0.00111,3.2312,0.03,0.0,0.0,0.0,0.44,0.0,0.44,SAFE,False
0.25,15,MH_VL_046,12.9864,80.2124,0.005,2e-06,2e-06,3.2114,0.0,0.0,0.0,0.0,0.0,0.0,0.0,SAFE,False
0.25,15,MH_VL_047,12.9892,80.2332,0.0,0.0,0.001243,0.0,0.0,0.001243,0.001243,0.373,0.0,0.34,0.34,SAFE,True
0.25,15,MH_VL_048,12.977,80.2316,0.503,0.000131,0.000131,1.2624,0.01,0.0,0.0,0.0,0.02,0.0,0.02,SAFE,False
0.25,15,MH_VL_049,12.9896,80.2166,0.0,0.0,0.0,5.3659,0.0,0.0,0.0,0.0,0.0,0.0,0.0,SAFE,False
0.25,15,MH_VL_050,12.9889,80.2349,0.0,0.0,0.0,0.0,0.0,0.0,0.0,0.0,0.0,0.0,0.0,SAFE,True
0.3333,20,MH_VL_001,12.981,80.2106,0.142,4.6e-05,4.6e-05,0.427,0.01,0.0,0.0,0.0,0.02,0.0,0.02,SAFE,False
0.3333,20,MH_VL_002,12.9834,80.2269,4.665,0.001249,0.001296,0.0,0.0,0.001296,0.001296,0.389,0.46,0.64,0.64,SAFE,True
0.3333,20,MH_VL_003,12.9658,80.2123,0.004,3e-06,3e-06,1.0287,0.0,0.0,0.0,0.0,0.0,0.0,0.0,SAFE,False
0.3333,20,MH_VL_004,12.979,80.2279,9.544,0.003366,0.010116,0.0,0.0,0.010116,0.010116,3.035,3.4,4.21,4.21,SAFE,True
0.3333,20,MH_VL_005,12.9762,80.217,53.21,0.013719,0.013719,0.4434,3.09,0.0,0.0,0.0,12.83,0.0,12.83,CAUTION,False
0.3333,20,MH_VL_006,12.9735,80.2139,7.849,0.002056,0.002056,0.4845,0.42,0.0,0.0,0.0,1.7,0.0,1.7,SAFE,False
0.3333,20,MH_VL_007,12.9674,80.2312,0.0,0.0,0.010028,0.0,0.0,0.010028,0.010028,3.008,0.0,3.67,3.67,SAFE,True
0.3333,20,MH_VL_008,12.9832,80.2234,1.035,0.000989,0.007972,0.1472,5.42,0.0,0.0,0.0,0.25,0.0,0.25,SAFE,False
0.3333,20,MH_VL_009,12.9857,80.2255,0.208,9.8e-05,0.000113,0.0,0.0,0.000113,0.000113,0.034,0.08,0.04,0.08,SAFE,True
0.3333,20,MH_VL_010,12.9667,80.2265,0.007,2e-06,2.7e-05,0.4161,0.01,0.0,0.0,0.0,0.0,0.0,0.0,SAFE,False
0.3333,20,MH_VL_011,12.9867,80.2195,0.046,5.8e-05,5.8e-05,0.2991,0.02,0.0,0.0,0.0,0.01,0.0,0.01,SAFE,False
0.3333,20,MH_VL_012,12.9739,80.2268,1.088,0.000435,0.000468,0.186,0.25,0.0,0.0,0.0,0.14,0.0,0.14,SAFE,False
0.3333,20,MH_VL_013,12.9802,80.2143,5.317,0.00133,0.00133,0.4145,0.32,0.0,0.0,0.0,1.08,0.0,1.08,SAFE,False
0.3333,20,MH_VL_014,12.9745,80.2347,0.001,0.0,0.011726,0.0,0.0,0.011726,0.011726,3.518,0.0,3.91,3.91,SAFE,True
0.3333,20,MH_VL_015,12.9821,80.2311,4.8,0.001371,0.010395,0.1284,8.1,0.0,0.0,0.0,0.45,0.0,0.45,SAFE,False
0.3333,20,MH_VL_016,12.9851,80.22,0.348,9.7e-05,9.7e-05,0.5398,0.02,0.0,0.0,0.0,0.09,0.0,0.09,SAFE,False
0.3333,20,MH_VL_017,12.9792,80.2279,10.711,0.008452,0.008556,0.5421,1.58,0.0,0.0,0.0,1.23,0.0,1.23,SAFE,False
0.3333,20,MH_VL_018,12.9871,80.2261,0.043,2.6e-05,2.6e-05,0.4969,0.01,0.0,0.0,0.0,0.0,0.0,0.0,SAFE,False
0.3333,20,MH_VL_019,12.9836,80.2235,0.693,0.000254,0.008712,0.0,0.0,0.008712,0.008712,2.614,0.14,3.48,3.48,SAFE,True
0.3333,20,MH_VL_020,12.9796,80.219,31.356,0.022529,0.022529,1.4753,1.53,0.0,0.0,0.0,6.76,0.0,6.76,CAUTION,False
0.3333,20,MH_VL_021,12.9839,80.2315,1.195,0.000927,0.017309,0.0,0.0,0.017309,0.017309,5.193,0.26,4.03,4.03,SAFE,True
0.3333,20,MH_VL_022,12.982,80.2249,3.23,0.004089,0.004089,0.8511,0.48,0.0,0.0,0.0,1.33,0.0,1.33,SAFE,False
0.3333,20,MH_VL_023,12.9767,80.2163,41.399,0.010197,0.010197,1.0722,0.95,0.0,0.0,0.0,2.45,0.0,2.45,SAFE,False
0.3333,20,MH_VL_024,12.9679,80.2321,0.0,0.0,0.012947,0.0,0.0,0.012947,0.012947,3.884,0.0,4.05,4.05,SAFE,True
0.3333,20,MH_VL_025,12.9723,80.214,5.151,0.002482,0.002482,1.9701,0.13,0.0,0.0,0.0,0.6,0.0,0.6,SAFE,False
0.3333,20,MH_VL_026,12.9716,80.2225,8.893,0.006381,0.006384,0.0,0.0,0.006384,0.006384,1.915,2.53,0.97,2.53,SAFE,True
0.3333,20,MH_VL_027,12.9868,80.2175,0.035,1.2e-05,1.2e-05,0.6562,0.0,0.0,0.0,0.0,0.01,0.0,0.01,SAFE,False
0.3333,20,MH_VL_028,12.9688,80.2291,0.004,1e-06,0.006299,0.0,0.0,0.006299,0.006299,1.89,0.0,1.75,1.75,SAFE,True
0.3333,20,MH_VL_029,12.98,80.2222,13.297,0.004507,0.004761,0.4247,1.12,0.0,0.0,0.0,0.51,0.0,0.51,SAFE,False
0.3333,20,MH_VL_030,12.9858,80.2177,0.137,4e-05,0.000233,0.0,0.0,0.000233,0.000233,0.07,0.01,0.09,0.09,SAFE,True
0.3333,20,MH_VL_031,12.9887,80.2121,0.0,0.0,0.000448,1.1871,0.04,0.0,0.0,0.0,0.0,0.0,0.0,SAFE,False
0.3333,20,MH_VL_032,12.9783,80.2131,4.843,0.001592,0.001592,1.1386,0.14,0.0,0.0,0.0,1.02,0.0,1.02,SAFE,False
0.3333,20,MH_VL_033,12.9691,80.2232,0.961,0.000349,0.000349,0.7546,0.05,0.0,0.0,0.0,0.05,0.0,0.05,SAFE,False
0.3333,20,MH_VL_034,12.9882,80.2289,0.01,2e-06,0.008921,0.0,0.0,0.008921,0.008921,2.676,0.0,4.61,4.61,SAFE,True
0.3333,20,MH_VL_035,12.975,80.2268,1.463,0.000601,0.00857,0.5575,1.54,0.0,0.0,0.0,0.12,0.0,0.12,SAFE,False
0.3333,20,MH_VL_036,12.9763,80.2162,40.936,0.013468,0.013468,3.8254,0.35,0.0,0.0,0.0,2.2,0.0,2.2,SAFE,False
0.3333,20,MH_VL_037,12.9788,80.2247,7.114,0.001584,0.008229,0.0,0.0,0.008229,0.008229,2.469,1.49,4.57,4.57,SAFE,True
0.3333,20,MH_VL_038,12.9665,80.2117,0.006,2e-06,2e-06,5.9913,0.0,0.0,0.0,0.0,0.0,0.0,0.0,SAFE,False
0.3333,20,MH_VL_039,12.971,80.2267,0.307,0.000225,0.000225,0.862,0.03,0.0,0.0,0.0,0.01,0.0,0.01,SAFE,False
0.3333,20,MH_VL_040,12.9884,80.2243,0.001,2e-06,0.000247,0.0,0.0,0.000247,0.000247,0.074,0.0,0.03,0.03,SAFE,True
0.3333,20,MH_VL_041,12.9852,80.2148,0.1,4.5e-05,4.5e-05,1.2129,0.0,0.0,0.0,0.0,0.03,0.0,0.03,SAFE,False
0.3333,20,MH_VL_042,12.9756,80.2217,44.307,0.008197,0.008256,0.0,0.0,0.008256,0.008256,2.477,9.02,5.63,9.02,CAUTION,True
0.3333,20,MH_VL_043,12.9896,80.2125,0.0,0.0,3.2e-05,4.4582,0.0,0.0,0.0,0.0,0.0,0.0,0.0,SAFE,False
0.3333,20,MH_VL_044,12.9677,80.2148,0.231,8.6e-05,8.6e-05,2.9329,0.0,0.0,0.0,0.0,0.02,0.0,0.02,SAFE,False
0.3333,20,MH_VL_045,12.9696,80.2216,3.097,0.001148,0.001202,3.2312,0.04,0.0,0.0,0.0,0.81,0.0,0.81,SAFE,False
0.3333,20,MH_VL_046,12.9864,80.2124,0.004,1e-06,1e-06,3.2114,0.0,0.0,0.0,0.0,0.0,0.0,0.0,SAFE,False
0.3333,20,MH_VL_047,12.9892,80.2332,0.0,0.0,0.001356,0.0,0.0,0.001356,0.001356,0.407,0.0,0.37,0.37,SAFE,True
0.3333,20,MH_VL_048,12.977,80.2316,0.588,0.000153,0.000153,1.2624,0.01,0.0,0.0,0.0,0.03,0.0,0.03,SAFE,False
0.3333,20,MH_VL_049,12.9896,80.2166,0.0,0.0,0.0,5.3659,0.0,0.0,0.0,0.0,0.0,0.0,0.0,SAFE,False
0.3333,20,MH_VL_050,12.9889,80.2349,0.0,0.0,0.0,0.0,0.0,0.0,0.0,0.0,0.0,0.0,0.0,SAFE,True
0.4167,25,MH_VL_001,12.981,80.2106,0.119,3.9e-05,3.9e-05,0.427,0.01,0.0,0.0,0.0,0.02,0.0,0.02,SAFE,False
0.4167,25,MH_VL_002,12.9834,80.2269,4.286,0.001148,0.001188,0.0,0.0,0.001188,0.001188,0.356,0.65,0.58,0.65,SAFE,True
0.4167,25,MH_VL_003,12.9658,80.2123,0.004,3e-06,3e-06,1.0287,0.0,0.0,0.0,0.0,0.0,0.0,0.0,SAFE,False
0.4167,25,MH_VL_004,12.979,80.2279,9.619,0.003392,0.009908,0.0,0.0,0.009908,0.009908,2.972,5.49,4.13,5.49,CAUTION,True
0.4167,25,MH_VL_005,12.9762,80.217,51.364,0.013243,0.013243,0.4434,2.99,0.0,0.0,0.0,19.25,0.0,19.25,FLOODED,True
0.4167,25,MH_VL_006,12.9735,80.2139,7.321,0.001918,0.001918,0.4845,0.4,0.0,0.0,0.0,2.32,0.0,2.32,SAFE,False
0.4167,25,MH_VL_007,12.9674,80.2312,0.0,0.0,0.009621,0.0,0.0,0.009621,0.009621,2.886,0.0,3.52,3.52,SAFE,True
0.4167,25,MH_VL_008,12.9832,80.2234,1.008,0.000963,0.007703,0.1472,5.23,0.0,0.0,0.0,0.4,0.0,0.4,SAFE,False
0.4167,25,MH_VL_009,12.9857,80.2255,0.179,8.5e-05,9.9e-05,0.0,0.0,9.9e-05,9.9e-05,0.03,0.11,0.04,0.11,SAFE,True
0.4167,25,MH_VL_010,12.9667,80.2265,0.009,2e-06,2.6e-05,0.4161,0.01,0.0,0.0,0.0,0.0,0.0,0.0,SAFE,False
0.4167,25,MH_VL_011,12.9867,80.2195,0.043,5.4e-05,5.4e-05,0.2991,0.02,0.0,0.0,0.0,0.02,0.0,0.02,SAFE,False
0.4167,25,MH_VL_012,12.9739,80.2268,1.247,0.000498,0.000529,0.186,0.28,0.0,0.0,0.0,0.21,0.0,0.21,SAFE,False
0.4167,25,MH_VL_013,12.9802,80.2143,4.785,0.001197,0.001197,0.4145,0.29,0.0,0.0,0.0,1.6,0.0,1.6,SAFE,False
0.4167,25,MH_VL_014,12.9745,80.2347,0.001,0.0,0.011776,0.0,0.0,0.011776,0.011776,3.533,0.0,3.93,3.93,SAFE,True
0.4167,25,MH_VL_015,12.9821,80.2311,5.136,0.001467,0.010579,0.1284,8.24,0.0,0.0,0.0,0.64,0.0,0.64,SAFE,False
0.4167,25,MH_VL_016,12.9851,80.22,0.333,9.3e-05,9.3e-05,0.5398,0.02,0.0,0.0,0.0,0.13,0.0,0.13,SAFE,False
0.4167,25,MH_VL_017,12.9792,80.2279,10.751,0.008484,0.008583,0.5421,1.58,0.0,0.0,0.0,1.75,0.0,1.75,SAFE,False
0.4167,25,MH_VL_018,12.9871,80.2261,0.037,2.2e-05,2.2e-05,0.4969,0.0,0.0,0.0,0.0,0.0,0.0,0.0,SAFE,False
0.4167,25,MH_VL_019,12.9836,80.2235,0.666,0.000244,0.008495,0.0,0.0,0.008495,0.008495,2.548,0.21,3.4,3.4,SAFE,True
0.4167,25,MH_VL_020,12.9796,80.219,30.587,0.021976,0.021976,1.4753,1.49,0.0,0.0,0.0,9.99,0.0,9.99,CAUTION,False
0.4167,25,MH_VL_021,12.9839,80.2315,1.267,0.000983,0.016827,0.0,0.0,0.016827,0.016827,5.048,0.38,3.91,3.91,SAFE,True
0.4167,25,MH_VL_022,12.982,80.2249,2.963,0.003751,0.003751,0.8511,0.44,0.0,0.0,0.0,1.92,0.0,1.92,SAFE,False
0.4167,25,MH_VL_023,12.9767,80.2163,39.358,0.009695,0.009695,1.0722,0.9,0.0,0.0,0.0,3.81,0.0,3.81,SAFE,False
0.4167,25,MH_VL_024,12.9679,80.2321,0.0,0.0,0.012239,0.0,0.0,0.012239,0.012239,3.672,0.0,3.82,3.82,SAFE,True
0.4167,25,MH_VL_025,12.9723,80.214,4.848,0.002336,0.002336,1.9701,0.12,0.0,0.0,0.0,0.73,0.0,0.73,SAFE,False
0.4167,25,MH_VL_026,12.9716,80.2225,9.666,0.006936,0.006939,0.0,0.0,0.006939,0.006939,2.082,3.8,1.06,3.8,SAFE,True
0.4167,25,MH_VL_027,12.9868,80.2175,0.032,1.1e-05,1.1e-05,0.6562,0.0,0.0,0.0,0.0,0.01,0.0,0.01,SAFE,False
0.4167,25,MH_VL_028,12.9688,80.2291,0.004,2e-06,0.006288,0.0,0.0,0.006288,0.006288,1.887,0.0,1.75,1.75,SAFE,True
0.4167,25,MH_VL_029,12.98,80.2222,13.614,0.004614,0.004841,0.4247,1.14,0.0,0.0,0.0,0.74,0.0,0.74,SAFE,False
0.4167,25,MH_VL_030,12.9858,80.2177,0.125,3.6e-05,0.000209,0.0,0.0,0.000209,0.000209,0.063,0.02,0.08,0.08,SAFE,True
0.4167,25,MH_VL_031,12.9887,80.2121,0.0,0.0,0.0004,1.1871,0.03,0.0,0.0,0.0,0.0,0.0,0.0,SAFE,False
0.4167,25,MH_VL_032,12.9783,80.2131,4.32,0.001421,0.001421,1.1386,0.12,0.0,0.0,0.0,1.45,0.0,1.45,SAFE,False
0.4167,25,MH_VL_033,12.9691,80.2232,1.074,0.00039,0.00039,0.7546,0.05,0.0,0.0,0.0,0.08,0.0,0.08,SAFE,False
0.4167,25,MH_VL_034,12.9882,80.2289,0.009,2e-06,0.008586,0.0,0.0,0.008586,0.008586,2.576,0.01,4.44,4.44,SAFE,True
0.4167,25,MH_VL_035,12.975,80.2268,1.653,0.000679,0.008193,0.5575,1.47,0.0,0.0,0.0,0.16,0.0,0.16,SAFE,False
0.4167,25,MH_VL_036,12.9763,80.2162,38.95,0.012815,0.012815,3.8254,0.33,0.0,0.0,0.0,2.91,0.0,2.91,SAFE,False
0.4167,25,MH_VL_037,12.9788,80.2247,7.413,0.00165,0.007973,0.0,0.0,0.007973,0.007973,2.392,2.2,4.43,4.43,SAFE,True
0.4167,25,MH_VL_038,12.9665,80.2117,0.006,2e-06,2e-06,5.9913,0.0,0.0,0.0,0.0,0.0,0.0,0.0,SAFE,False
0.4167,25,MH_VL_039,12.971,80.2267,0.359,0.000263,0.000263,0.862,0.03,0.0,0.0,0.0,0.01,0.0,0.01,SAFE,False
0.4167,25,MH_VL_040,12.9884,80.2243,0.001,1e-06,0.000284,0.0,0.0,0.000284,0.000284,0.085,0.0,0.03,0.03,SAFE,True
0.4167,25,MH_VL_041,12.9852,80.2148,0.087,4e-05,4e-05,1.2129,0.0,0.0,0.0,0.0,0.05,0.0,0.05,SAFE,False
0.4167,25,MH_VL_042,12.9756,80.2217,46.316,0.008568,0.008622,0.0,0.0,0.008622,0.008622,2.586,13.66,5.88,13.66,CAUTION,True
0.4167,25,MH_VL_043,12.9896,80.2125,0.0,0.0,3.2e-05,4.4582,0.0,0.0,0.0,0.0,0.0,0.0,0.0,SAFE,False
0.4167,25,MH_VL_044,12.9677,80.2148,0.227,8.4e-05,8.4e-05,2.9329,0.0,0.0,0.0,0.0,0.02,0.0,0.02,SAFE,False
0.4167,25,MH_VL_045,12.9696,80.2216,3.36,0.001246,0.001298,3.2312,0.04,0.0,0.0,0.0,1.33,0.0,1.33,SAFE,False
0.4167,25,MH_VL_046,12.9864,80.2124,0.003,1e-06,1e-06,3.2114,0.0,0.0,0.0,0.0,0.0,0.0,0.0,SAFE,False
0.4167,25,MH_VL_047,12.9892,80.2332,0.0,0.0,0.001478,0.0,0.0,0.001478,0.001478,0.443,0.0,0.4,0.4,SAFE,True
0.4167,25,MH_VL_048,12.977,80.2316,0.685,0.000178,0.000178,1.2624,0.01,0.0,0.0,0.0,0.03,0.0,0.03,SAFE,False
0.4167,25,MH_VL_049,12.9896,80.2166,0.0,0.0,0.0,5.3659,0.0,0.0,0.0,0.0,0.0,0.0,0.0,SAFE,False
0.4167,25,MH_VL_050,12.9889,80.2349,0.0,0.0,0.0,0.0,0.0,0.0,0.0,0.0,0.0,0.0,0.0,SAFE,True
0.5,30,MH_VL_001,12.981,80.2106,0.1,3.3e-05,3.3e-05,0.427,0.01,0.0,0.0,0.0,0.03,0.0,0.03,SAFE,False
0.5,30,MH_VL_002,12.9834,80.2269,3.921,0.00105,0.001084,0.0,0.0,0.001084,0.001084,0.325,0.86,0.53,0.86,SAFE,True
0.5,30,MH_VL_003,12.9658,80.2123,0.004,3e-06,3e-06,1.0287,0.0,0.0,0.0,0.0,0.0,0.0,0.0,SAFE,False
0.5,30,MH_VL_004,12.979,80.2279,9.65,0.003403,0.009678,0.0,0.0,0.009678,0.009678,2.903,8.29,4.03,8.29,CAUTION,True
0.5,30,MH_VL_005,12.9762,80.217,49.46,0.012752,0.012752,0.4434,2.88,0.0,0.0,0.0,27.02,0.0,27.02,FLOODED,True
0.5,30,MH_VL_006,12.9735,80.2139,6.816,0.001786,0.001786,0.4845,0.37,0.0,0.0,0.0,3.0,0.0,3.0,SAFE,False
0.5,30,MH_VL_007,12.9674,80.2312,0.0,0.0,0.009219,0.0,0.0,0.009219,0.009219,2.766,0.0,3.37,3.37,SAFE,True
0.5,30,MH_VL_008,12.9832,80.2234,0.987,0.000943,0.007434,0.1472,5.05,0.0,0.0,0.0,0.6,0.0,0.6,SAFE,False
0.5,30,MH_VL_009,12.9857,80.2255,0.154,7.3e-05,8.6e-05,0.0,0.0,8.6e-05,8.6e-05,0.026,0.15,0.03,0.15,SAFE,True
0.5,30,MH_VL_010,12.9667,80.2265,0.01,3e-06,2.5e-05,0.4161,0.01,0.0,0.0,0.0,0.0,0.0,0.0,SAFE,False
0.5,30,MH_VL_011,12.9867,80.2195,0.041,5.1e-05,5.1e-05,0.2991,0.02,0.0,0.0,0.0,0.02,0.0,0.02,SAFE,False
0.5,30,MH_VL_012,12.9739,80.2268,1.428,0.000571,0.0006,0.186,0.32,0.0,0.0,0.0,0.3,0.0,0.3,SAFE,False
0.5,30,MH_VL_013,12.9802,80.2143,4.298,0.001075,0.001075,0.4145,0.26,0.0,0.0,0.0,2.2,0.0,2.2,SAFE,False
0.5,30,MH_VL_014,12.9745,80.2347,0.001,0.0,0.011806,0.0,0.0,0.011806,0.011806,3.542,0.0,3.94,3.94,SAFE,True
0.5,30,MH_VL_015,12.9821,80.2311,5.47,0.001562,0.01073,0.1284,8.36,0.0,0.0,0.0,0.85,0.0,0.85,SAFE,False
0.5,30,MH_VL_016,12.9851,80.22,0.318,8.8e-05,8.8e-05,0.5398,0.02,0.0,0.0,0.0,0.2,0.0,0.2,SAFE,False
0.5,30,MH_VL_017,12.9792,80.2279,10.739,0.008474,0.008568,0.5421,1.58,0.0,0.0,0.0,2.33,0.0,2.33,SAFE,False
0.5,30,MH_VL_018,12.9871,80.2261,0.031,1.9e-05,1.9e-05,0.4969,0.0,0.0,0.0,0.0,0.0,0.0,0.0,SAFE,False
0.5,30,MH_VL_019,12.9836,80.2235,0.644,0.000236,0.008263,0.0,0.0,0.008263,0.008263,2.479,0.3,3.31,3.31,SAFE,True
0.5,30,MH_VL_020,12.9796,80.219,29.758,0.021381,0.021381,1.4753,1.45,0.0,0.0,0.0,13.84,0.0,13.84,CAUTION,False
0.5,30,MH_VL_021,12.9839,80.2315,1.338,0.001038,0.016343,0.0,0.0,0.016343,0.016343,4.903,0.5,3.8,3.8,SAFE,True
0.5,30,MH_VL_022,12.982,80.2249,2.73,0.003455,0.003455,0.8511,0.41,0.0,0.0,0.0,2.6,0.0,2.6,SAFE,False
0.5,30,MH_VL_023,12.9767,80.2163,37.331,0.009195,0.009195,1.0722,0.86,0.0,0.0,0.0,5.63,0.0,5.63,CAUTION,False
0.5,30,MH_VL_024,12.9679,80.2321,0.0,0.0,0.011556,0.0,0.0,0.011556,0.011556,3.467,0.0,3.61,3.61,SAFE,True
0.5,30,MH_VL_025,12.9723,80.214,4.554,0.002194,0.002194,1.9701,0.11,0.0,0.0,0.0,0.85,0.0,0.85,SAFE,False
0.5,30,MH_VL_026,12.9716,80.2225,10.483,0.007522,0.007525,0.0,0.0,0.007525,0.007525,2.258,5.4,1.15,5.4,CAUTION,True
0.5,30,MH_VL_027,12.9868,80.2175,0.029,1e-05,1e-05,0.6562,0.0,0.0,0.0,0.0,0.01,0.0,0.01,SAFE,False
0.5,30,MH_VL_028,12.9688,80.2291,0.005,2e-06,0.006277,0.0,0.0,0.006277,0.006277,1.883,0.0,1.74,1.74,SAFE,True
0.5,30,MH_VL_029,12.98,80.2222,13.91,0.004714,0.004917,0.4247,1.16,0.0,0.0,0.0,0.99,0.0,0.99,SAFE,False
0.5,30,MH_VL_030,12.9858,80.2177,0.115,3.3e-05,0.000187,0.0,0.0,0.000187,0.000187,0.056,0.02,0.07,0.07,SAFE,True
0.5,30,MH_VL_031,12.9887,80.2121,0.0,0.0,0.000356,1.1871,0.03,0.0,0.0,0.0,0.0,0.0,0.0,SAFE,False
0.5,30,MH_VL_032,12.9783,80.2131,3.849,0.001266,0.001266,1.1386,0.11,0.0,0.0,0.0,1.94,0.0,1.94,SAFE,False
0.5,30,MH_VL_033,12.9691,80.2232,1.198,0.000435,0.000435,0.7546,0.06,0.0,0.0,0.0,0.11,0.0,0.11,SAFE,False
0.5,30,MH_VL_034,12.9882,80.2289,0.008,2e-06,0.008278,0.0,0.0,0.008278,0.008278,2.483,0.01,4.28,4.28,SAFE,True
0.5,30,MH_VL_035,12.975,80.2268,1.867,0.000767,0.00784,0.5575,1.41,0.0,0.0,0.0,0.22,0.0,0.22,SAFE,False
0.5,30,MH_VL_036,12.9763,80.2162,36.975,0.012165,0.012165,3.8254,0.32,0.0,0.0,0.0,3.59,0.0,3.59,SAFE,False
0.5,30,MH_VL_037,12.9788,80.2247,7.743,0.001724,0.007726,0.0,0.0,0.007726,0.007726,2.318,3.09,4.29,4.29,SAFE,True
0.5,30,MH_VL_038,12.9665,80.2117,0.005,2e-06,2e-06,5.9913,0.0,0.0,0.0,0.0,0.0,0.0,0.0,SAFE,False
0.5,30,MH_VL_039,12.971,80.2267,0.418,0.000307,0.000307,0.862,0.04,0.0,0.0,0.0,0.01,0.0,0.01,SAFE,False
0.5,30,MH_VL_040,12.9884,80.2243,0.001,1e-06,0.000327,0.0,0.0,0.000327,0.000327,0.098,0.0,0.03,0.03,SAFE,True
0.5,30,MH_VL_041,12.9852,80.2148,0.077,3.5e-05,3.5e-05,1.2129,0.0,0.0,0.0,0.0,0.06,0.0,0.06,SAFE,False
0.5,30,MH_VL_042,12.9756,80.2217,48.299,0.008935,0.008983,0.0,0.0,0.008983,0.008983,2.695,19.35,6.12,19.35,FLOODED,True
0.5,30,MH_VL_043,12.9896,80.2125,0.0,0.0,3.1e-05,4.4582,0.0,0.0,0.0,0.0,0.0,0.0,0.0,SAFE,False
0.5,30,MH_VL_044,12.9677,80.2148,0.223,8.3e-05,8.3e-05,2.9329,0.0,0.0,0.0,0.0,0.03,0.0,0.03,SAFE,False
0.5,30,MH_VL_045,12.9696,80.2216,3.637,0.001349,0.0014,3.2312,0.04,0.0,0.0,0.0,2.03,0.0,2.03,SAFE,False
0.5,30,MH_VL_046,12.9864,80.2124,0.003,1e-06,1e-06,3.2114,0.0,0.0,0.0,0.0,0.0,0.0,0.0,SAFE,False
0.5,30,MH_VL_047,12.9892,80.2332,0.0,0.0,0.001608,0.0,0.0,0.001608,0.001608,0.482,0.0,0.43,0.43,SAFE,True
0.5,30,MH_VL_048,12.977,80.2316,0.795,0.000207,0.000207,1.2624,0.02,0.0,0.0,0.0,0.04,0.0,0.04,SAFE,False
0.5,30,MH_VL_049,12.9896,80.2166,0.0,0.0,0.0,5.3659,0.0,0.0,0.0,0.0,0.0,0.0,0.0,SAFE,False
0.5,30,MH_VL_050,12.9889,80.2349,0.0,0.0,0.0,0.0,0.0,0.0,0.0,0.0,0.0,0.0,0.0,SAFE,True
0.5833,35,MH_VL_001,12.981,80.2106,0.084,2.7e-05,2.7e-05,0.427,0.01,0.0,0.0,0.0,0.03,0.0,0.03,SAFE,False
0.5833,35,MH_VL_002,12.9834,80.2269,3.57,0.000956,0.000984,0.0,0.0,0.000984,0.000984,0.295,1.09,0.48,1.09,SAFE,True
0.5833,35,MH_VL_003,12.9658,80.2123,0.004,3e-06,3e-06,1.0287,0.0,0.0,0.0,0.0,0.0,0.0,0.0,SAFE,False
0.5833,35,MH_VL_004,12.979,80.2279,9.642,0.003401,0.009429,0.0,0.0,0.009429,0.009429,2.829,11.89,3.93,11.89,CAUTION,True
0.5833,35,MH_VL_005,12.9762,80.217,47.519,0.012252,0.012252,0.4434,2.76,0.0,0.0,0.0,36.11,0.0,36.11,FLOODED,True
0.5833,35,MH_VL_006,12.9735,80.2139,6.329,0.001658,0.001658,0.4845,0.34,0.0,0.0,0.0,3.75,0.0,3.75,SAFE,False
0.5833,35,MH_VL_007,12.9674,80.2312,0.0,0.0,0.008821,0.0,0.0,0.008821,0.008821,2.646,0.0,3.23,3.23,SAFE,True
0.5833,35,MH_VL_008,12.9832,80.2234,0.971,0.000927,0.007163,0.1472,4.87,0.0,0.0,0.0,0.86,0.0,0.86,SAFE,False
0.5833,35,MH_VL_009,12.9857,80.2255,0.132,6.2e-05,7.5e-05,0.0,0.0,7.5e-05,7.5e-05,0.023,0.19,0.03,0.19,SAFE,True
0.5833,35,MH_VL_010,12.9667,80.2265,0.012,3e-06,2.4e-05,0.4161,0.01,0.0,0.0,0.0,0.0,0.0,0.0,SAFE,False
0.5833,35,MH_VL_011,12.9867,80.2195,0.038,4.8e-05,4.8e-05,0.2991,0.02,0.0,0.0,0.0,0.03,0.0,0.03,SAFE,False
0.5833,35,MH_VL_012,12.9739,80.2268,1.629,0.000651,0.000679,0.186,0.36,0.0,0.0,0.0,0.41,0.0,0.41,SAFE,False
0.5833,35,MH_VL_013,12.9802,80.2143,3.849,0.000963,0.000963,0.4145,0.23,0.0,0.0,0.0,2.87,0.0,2.87,SAFE,False
0.5833,35,MH_VL_014,12.9745,80.2347,0.001,0.0,0.011818,0.0,0.0,0.011818,0.011818,3.545,0.0,3.94,3.94,SAFE,True
0.5833,35,MH_VL_015,12.9821,80.2311,5.797,0.001656,0.010854,0.1284,8.45,0.0,0.0,0.0,1.08,0.0,1.08,SAFE,False
0.5833,35,MH_VL_016,12.9851,80.22,0.302,8.4e-05,8.4e-05,0.5398,0.02,0.0,0.0,0.0,0.27,0.0,0.27,SAFE,False
0.5833,35,MH_VL_017,12.9792,80.2279,10.684,0.008431,0.00852,0.5421,1.57,0.0,0.0,0.0,2.93,0.0,2.93,SAFE,False
0.5833,35,MH_VL_018,12.9871,80.2261,0.027,1.6e-05,1.6e-05,0.4969,0.0,0.0,0.0,0.0,0.0,0.0,0.0,SAFE,False
0.5833,35,MH_VL_019,12.9836,80.2235,0.626,0.000229,0.008022,0.0,0.0,0.008022,0.008022,2.407,0.4,3.21,3.21,SAFE,True
0.5833,35,MH_VL_020,12.9796,80.219,28.887,0.020755,0.020755,1.4753,1.41,0.0,0.0,0.0,18.32,0.0,18.32,FLOODED,True
0.5833,35,MH_VL_021,12.9839,80.2315,1.406,0.001091,0.015856,0.0,0.0,0.015856,0.015856,4.757,0.64,3.69,3.69,SAFE,True
0.5833,35,MH_VL_022,12.982,80.2249,2.523,0.003193,0.003193,0.8511,0.38,0.0,0.0,0.0,3.35,0.0,3.35,SAFE,False
0.5833,35,MH_VL_023,12.9767,80.2163,35.325,0.008701,0.008701,1.0722,0.81,0.0,0.0,0.0,8.07,0.0,8.07,CAUTION,False
0.5833,35,MH_VL_024,12.9679,80.2321,0.0,0.0,0.010894,0.0,0.0,0.010894,0.010894,3.268,0.0,3.4,3.4,SAFE,True
0.5833,35,MH_VL_025,12.9723,80.214,4.266,0.002056,0.002056,1.9701,0.1,0.0,0.0,0.0,0.96,0.0,0.96,SAFE,False
0.5833,35,MH_VL_026,12.9716,80.2225,11.341,0.008138,0.00814,0.0,0.0,0.00814,0.00814,2.442,7.38,1.24,7.38,CAUTION,True
0.5833,35,MH_VL_027,12.9868,80.2175,0.026,9e-06,9e-06,0.6562,0.0,0.0,0.0,0.0,0.01,0.0,0.01,SAFE,False
0.5833,35,MH_VL_028,12.9688,80.2291,0.007,3e-06,0.00626,0.0,0.0,0.00626,0.00626,1.878,0.0,1.74,1.74,SAFE,True
0.5833,35,MH_VL_029,12.98,80.2222,14.181,0.004806,0.004986,0.4247,1.17,0.0,0.0,0.0,1.24,0.0,1.24,SAFE,False
0.5833,35,MH_VL_030,12.9858,80.2177,0.105,3e-05,0.000167,0.0,0.0,0.000167,0.000167,0.05,0.03,0.06,0.06,SAFE,True
0.5833,35,MH_VL_031,12.9887,80.2121,0.0,0.0,0.000316,1.1871,0.03,0.0,0.0,0.0,0.0,0.0,0.0,SAFE,False
0.5833,35,MH_VL_032,12.9783,80.2131,3.419,0.001124,0.001124,1.1386,0.1,0.0,0.0,0.0,2.52,0.0,2.52,SAFE,False
0.5833,35,MH_VL_033,12.9691,80.2232,1.332,0.000484,0.000484,0.7546,0.06,0.0,0.0,0.0,0.15,0.0,0.15,SAFE,False
0.5833,35,MH_VL_034,12.9882,80.2289,0.008,2e-06,0.007995,0.0,0.0,0.007995,0.007995,2.399,0.01,4.14,4.14,SAFE,True
0.5833,35,MH_VL_035,12.975,80.2268,2.103,0.000864,0.007509,0.5575,1.35,0.0,0.0,0.0,0.28,0.0,0.28,SAFE,False
0.5833,35,MH_VL_036,12.9763,80.2162,35.017,0.011521,0.011521,3.8254,0.3,0.0,0.0,0.0,4.21,0.0,4.21,SAFE,False
0.5833,35,MH_VL_037,12.9788,80.2247,8.092,0.001802,0.007486,0.0,0.0,0.007486,0.007486,2.246,4.19,4.16,4.19,SAFE,True
0.5833,35,MH_VL_038,12.9665,80.2117,0.005,2e-06,2e-06,5.9913,0.0,0.0,0.0,0.0,0.0,0.0,0.0,SAFE,False
0.5833,35,MH_VL_039,12.971,80.2267,0.486,0.000357,0.000357,0.862,0.04,0.0,0.0,0.0,0.01,0.0,0.01,SAFE,False
0.5833,35,MH_VL_040,12.9884,80.2243,0.001,1e-06,0.000376,0.0,0.0,0.000376,0.000376,0.113,0.0,0.04,0.04,SAFE,True
0.5833,35,MH_VL_041,12.9852,80.2148,0.067,3.1e-05,3.1e-05,1.2129,0.0,0.0,0.0,0.0,0.08,0.0,0.08,SAFE,False
0.5833,35,MH_VL_042,12.9756,80.2217,50.253,0.009297,0.00934,0.0,0.0,0.00934,0.00934,2.802,26.18,6.37,26.18,FLOODED,True
0.5833,35,MH_VL_043,12.9896,80.2125,0.0,0.0,3.1e-05,4.4582,0.0,0.0,0.0,0.0,0.0,0.0,0.0,SAFE,False
0.5833,35,MH_VL_044,12.9677,80.2148,0.218,8.1e-05,8.1e-05,2.9329,0.0,0.0,0.0,0.0,0.04,0.0,0.04,SAFE,False
0.5833,35,MH_VL_045,12.9696,80.2216,3.926,0.001456,0.001506,3.2312,0.05,0.0,0.0,0.0,2.94,0.0,2.94,SAFE,False
0.5833,35,MH_VL_046,12.9864,80.2124,0.002,1e-06,1e-06,3.2114,0.0,0.0,0.0,0.0,0.0,0.0,0.0,SAFE,False
0.5833,35,MH_VL_047,12.9892,80.2332,0.0,0.0,0.001746,0.0,0.0,0.001746,0.001746,0.524,0.0,0.47,0.47,SAFE,True
0.5833,35,MH_VL_048,12.977,80.2316,0.917,0.000238,0.000239,1.2624,0.02,0.0,0.0,0.0,0.05,0.0,0.05,SAFE,False
0.5833,35,MH_VL_049,12.9896,80.2166,0.0,0.0,0.0,5.3659,0.0,0.0,0.0,0.0,0.0,0.0,0.0,SAFE,False
0.5833,35,MH_VL_050,12.9889,80.2349,0.0,0.0,0.0,0.0,0.0,0.0,0.0,0.0,0.0,0.0,0.0,SAFE,True
0.6667,40,MH_VL_001,12.981,80.2106,0.071,2.3e-05,2.3e-05,0.427,0.01,0.0,0.0,0.0,0.03,0.0,0.03,SAFE,False
0.6667,40,MH_VL_002,12.9834,80.2269,3.237,0.000867,0.000891,0.0,0.0,0.000891,0.000891,0.267,1.34,0.44,1.34,SAFE,True
0.6667,40,MH_VL_003,12.9658,80.2123,0.003,2e-06,2e-06,1.0287,0.0,0.0,0.0,0.0,0.0,0.0,0.0,SAFE,False
0.6667,40,MH_VL_004,12.979,80.2279,9.594,0.003383,0.009161,0.0,0.0,0.009161,0.009161,2.748,16.41,3.82,16.41,FLOODED,True
0.6667,40,MH_VL_005,12.9762,80.217,45.542,0.011742,0.011742,0.4434,2.65,0.0,0.0,0.0,46.49,0.0,46.49,FLOODED,True
0.6667,40,MH_VL_006,12.9735,80.2139,5.863,0.001536,0.001536,0.4845,0.32,0.0,0.0,0.0,4.58,0.0,4.58,SAFE,False
0.6667,40,MH_VL_007,12.9674,80.2312,0.0,0.0,0.008428,0.0,0.0,0.008428,0.008428,2.528,0.0,3.08,3.08,SAFE,True
0.6667,40,MH_VL_008,12.9832,80.2234,0.958,0.000916,0.006892,0.1472,4.68,0.0,0.0,0.0,1.18,0.0,1.18,SAFE,False
0.6667,40,MH_VL_009,12.9857,80.2255,0.113,5.3e-05,6.6e-05,0.0,0.0,6.6e-05,6.6e-05,0.02,0.24,0.02,0.24,SAFE,True
0.6667,40,MH_VL_010,12.9667,80.2265,0.015,4e-06,2.3e-05,0.4161,0.01,0.0,0.0,0.0,0.01,0.0,0.01,SAFE,False
0.6667,40,MH_VL_011,12.9867,80.2195,0.036,4.4e-05,4.4e-05,0.2991,0.01,0.0,0.0,0.0,0.03,0.0,0.03,SAFE,False
0.6667,40,MH_VL_012,12.9739,80.2268,1.856,0.000742,0.000767,0.186,0.41,0.0,0.0,0.0,0.55,0.0,0.55,SAFE,False
0.6667,40,MH_VL_013,12.9802,80.2143,3.441,0.000861,0.000861,0.4145,0.21,0.0,0.0,0.0,3.6,0.0,3.6,SAFE,False
0.6667,40,MH_VL_014,12.9745,80.2347,0.002,1e-06,0.01181,0.0,0.0,0.01181,0.01181,3.543,0.0,3.94,3.94,SAFE,True
0.6667,40,MH_VL_015,12.9821,80.2311,6.114,0.001746,0.010949,0.1284,8.53,0.0,0.0,0.0,1.32,0.0,1.32,SAFE,False
0.6667,40,MH_VL_016,12.9851,80.22,0.287,8e-05,8e-05,0.5398,0.01,0.0,0.0,0.0,0.36,0.0,0.36,SAFE,False
0.6667,40,MH_VL_017,12.9792,80.2279,10.583,0.008351,0.008435,0.5421,1.56,0.0,0.0,0.0,3.52,0.0,3.52,SAFE,False
0.6667,40,MH_VL_018,12.9871,80.2261,0.023,1.4e-05,1.4e-05,0.4969,0.0,0.0,0.0,0.0,0.0,0.0,0.0,SAFE,False
0.6667,40,MH_VL_019,12.9836,80.2235,0.613,0.000224,0.007771,0.0,0.0,0.007771,0.007771,2.331,0.53,3.11,3.11,SAFE,True
0.6667,40,MH_VL_020,12.9796,80.219,27.976,0.020101,0.020101,1.4753,1.36,0.0,0.0,0.0,23.47,0.0,23.47,FLOODED,True
0.6667,40,MH_VL_021,12.9839,80.2315,1.471,0.001141,0.015368,0.0,0.0,0.015368,0.015368,4.611,0.79,3.57,3.57,SAFE,True
0.6667,40,MH_VL_022,12.982,80.2249,2.344,0.002967,0.002967,0.8511,0.35,0.0,0.0,0.0,4.14,0.0,4.14,SAFE,False
0.6667,40,MH_VL_023,12.9767,80.2163,33.345,0.008213,0.008213,1.0722,0.77,0.0,0.0,0.0,11.26,0.0,11.26,CAUTION,False
0.6667,40,MH_VL_024,12.9679,80.2321,0.0,0.0,0.010255,0.0,0.0,0.010255,0.010255,3.076,0.0,3.2,3.2,SAFE,True
0.6667,40,MH_VL_025,12.9723,80.214,3.988,0.001922,0.001922,1.9701,0.1,0.0,0.0,0.0,1.04,0.0,1.04,SAFE,False
0.6667,40,MH_VL_026,12.9716,80.2225,12.242,0.008784,0.008786,0.0,0.0,0.008786,0.008786,2.636,9.77,1.34,9.77,CAUTION,True
0.6667,40,MH_VL_027,12.9868,80.2175,0.024,8e-06,8e-06,0.6562,0.0,0.0,0.0,0.0,0.01,0.0,0.01,SAFE,False
0.6667,40,MH_VL_028,12.9688,80.2291,0.008,3e-06,0.00624,0.0,0.0,0.00624,0.00624,1.872,0.0,1.73,1.73,SAFE,True
0.6667,40,MH_VL_029,12.98,80.2222,14.427,0.004889,0.005049,0.4247,1.19,0.0,0.0,0.0,1.49,0.0,1.49,SAFE,False
0.6667,40,MH_VL_030,12.9858,80.2177,0.096,2.8e-05,0.000149,0.0,0.0,0.000149,0.000149,0.045,0.03,0.06,0.06,SAFE,True
0.6667,40,MH_VL_031,12.9887,80.2121,0.0,0.0,0.00028,1.1871,0.02,0.0,0.0,0.0,0.0,0.0,0.0,SAFE,False
0.6667,40,MH_VL_032,12.9783,80.2131,3.03,0.000996,0.000996,1.1386,0.09,0.0,0.0,0.0,3.19,0.0,3.19,SAFE,False
0.6667,40,MH_VL_033,12.9691,80.2232,1.479,0.000537,0.000537,0.7546,0.07,0.0,0.0,0.0,0.21,0.0,0.21,SAFE,False
0.6667,40,MH_VL_034,12.9882,80.2289,0.007,2e-06,0.007742,0.0,0.0,0.007742,0.007742,2.323,0.01,4.0,4.0,SAFE,True
0.6667,40,MH_VL_035,12.975,80.2268,2.365,0.000972,0.007203,0.5575,1.29,0.0,0.0,0.0,0.34,0.0,0.34,SAFE,False
0.6667,40,MH_VL_036,12.9763,80.2162,33.082,0.010884,0.010884,3.8254,0.28,0.0,0.0,0.0,4.74,0.0,4.74,SAFE,False
0.6667,40,MH_VL_037,12.9788,80.2247,8.464,0.001884,0.007255,0.0,0.0,0.007255,0.007255,2.176,5.49,4.03,5.49,CAUTION,True
0.6667,40,MH_VL_038,12.9665,80.2117,0.005,2e-06,2e-06,5.9913,0.0,0.0,0.0,0.0,0.0,0.0,0.0,SAFE,False
0.6667,40,MH_VL_039,12.971,80.2267,0.564,0.000414,0.000414,0.862,0.05,0.0,0.0,0.0,0.01,0.0,0.01,SAFE,False
0.6667,40,MH_VL_040,12.9884,80.2243,0.001,1e-06,0.000433,0.0,0.0,0.000433,0.000433,0.13,0.0,0.05,0.05,SAFE,True
0.6667,40,MH_VL_041,12.9852,80.2148,0.058,2.7e-05,2.7e-05,1.2129,0.0,0.0,0.0,0.0,0.1,0.0,0.1,SAFE,False
0.6667,40,MH_VL_042,12.9756,80.2217,52.156,0.009649,0.009688,0.0,0.0,0.009688,0.009688,2.906,34.3,6.61,34.3,FLOODED,True
0.6667,40,MH_VL_043,12.9896,80.2125,0.0,0.0,3e-05,4.4582,0.0,0.0,0.0,0.0,0.0,0.0,0.0,SAFE,False
0.6667,40,MH_VL_044,12.9677,80.2148,0.212,7.9e-05,7.9e-05,2.9329,0.0,0.0,0.0,0.0,0.04,0.0,0.04,SAFE,False
0.6667,40,MH_VL_045,12.9696,80.2216,4.231,0.001569,0.001618,3.2312,0.05,0.0,0.0,0.0,4.1,0.0,4.1,SAFE,False
0.6667,40,MH_VL_046,12.9864,80.2124,0.002,1e-06,1e-06,3.2114,0.0,0.0,0.0,0.0,0.0,0.0,0.0,SAFE,False
0.6667,40,MH_VL_047,12.9892,80.2332,0.0,0.0,0.001892,0.0,0.0,0.001892,0.001892,0.568,0.0,0.51,0.51,SAFE,True
0.6667,40,MH_VL_048,12.977,80.2316,1.054,0.000274,0.000274,1.2624,0.02,0.0,0.0,0.0,0.06,0.0,0.06,SAFE,False
0.6667,40,MH_VL_049,12.9896,80.2166,0.0,0.0,0.0,5.3659,0.0,0.0,0.0,0.0,0.0,0.0,0.0,SAFE,False
0.6667,40,MH_VL_050,12.9889,80.2349,0.0,0.0,0.0,0.0,0.0,0.0,0.0,0.0,0.0,0.0,0.0,SAFE,True
0.75,45,MH_VL_001,12.981,80.2106,0.059,1.9e-05,1.9e-05,0.427,0.0,0.0,0.0,0.0,0.03,0.0,0.03,SAFE,False
0.75,45,MH_VL_002,12.9834,80.2269,2.922,0.000782,0.000802,0.0,0.0,0.000802,0.000802,0.241,1.59,0.39,1.59,SAFE,True
0.75,45,MH_VL_003,12.9658,80.2123,0.003,2e-06,2e-06,1.0287,0.0,0.0,0.0,0.0,0.01,0.0,0.01,SAFE,False
0.75,45,MH_VL_004,12.979,80.2279,9.508,0.003353,0.008878,0.0,0.0,0.008878,0.008878,2.663,21.93,3.7,21.93,FLOODED,True
0.75,45,MH_VL_005,12.9762,80.217,43.55,0.011229,0.011229,0.4434,2.53,0.0,0.0,0.0,58.16,0.0,58.16,FLOODED,True
0.75,45,MH_VL_006,12.9735,80.2139,5.419,0.00142,0.00142,0.4845,0.29,0.0,0.0,0.0,5.49,0.0,5.49,CAUTION,False
0.75,45,MH_VL_007,12.9674,80.2312,0.0,0.0,0.008041,0.0,0.0,0.008041,0.008041,2.412,0.0,2.94,2.94,SAFE,True
0.75,45,MH_VL_008,12.9832,80.2234,0.949,0.000906,0.006622,0.1472,4.5,0.0,0.0,0.0,1.57,0.0,1.57,SAFE,False
0.75,45,MH_VL_009,12.9857,80.2255,0.097,4.6e-05,5.8e-05,0.0,0.0,5.8e-05,5.8e-05,0.017,0.29,0.02,0.29,SAFE,True
0.75,45,MH_VL_010,12.9667,80.2265,0.017,4e-06,2.2e-05,0.4161,0.01,0.0,0.0,0.0,0.01,0.0,0.01,SAFE,False
0.75,45,MH_VL_011,12.9867,80.2195,0.033,4.1e-05,4.1e-05,0.2991,0.01,0.0,0.0,0.0,0.04,0.0,0.04,SAFE,False
0.75,45,MH_VL_012,12.9739,80.2268,2.11,0.000844,0.000867,0.186,0.47,0.0,0.0,0.0,0.7,0.0,0.7,SAFE,False
0.75,45,MH_VL_013,12.9802,80.2143,3.068,0.000767,0.000767,0.4145,0.19,0.0,0.0,0.0,4.36,0.0,4.36,SAFE,False
0.75,45,MH_VL_014,12.9745,80.2347,0.002,1e-06,0.011786,0.0,0.0,0.011786,0.011786,3.536,0.0,3.93,3.93,SAFE,True
0.75,45,MH_VL_015,12.9821,80.2311,6.418,0.001833,0.011018,0.1284,8.58,0.0,0.0,0.0,1.56,0.0,1.56,SAFE,False
0.75,45,MH_VL_016,12.9851,80.22,0.272,7.6e-05,7.6e-05,0.5398,0.01,0.0,0.0,0.0,0.47,0.0,0.47,SAFE,False
0.75,45,MH_VL_017,12.9792,80.2279,10.44,0.008238,0.008317,0.5421,1.53,0.0,0.0,0.0,4.07,0.0,4.07,SAFE,False
0.75,45,MH_VL_018,12.9871,80.2261,0.019,1.1e-05,1.1e-05,0.4969,0.0,0.0,0.0,0.0,0.0,0.0,0.0,SAFE,False
0.75,45,MH_VL_019,12.9836,80.2235,0.601,0.00022,0.00751,0.0,0.0,0.00751,0.00751,2.253,0.67,3.0,3.0,SAFE,True
0.75,45,MH_VL_020,12.9796,80.219,27.025,0.019417,0.019417,1.4753,1.32,0.0,0.0,0.0,29.28,0.0,29.28,FLOODED,True
0.75,45,MH_VL_021,12.9839,80.2315,1.53,0.001187,0.014877,0.0,0.0,0.014877,0.014877,4.463,0.95,3.46,3.46,SAFE,True
0.75,45,MH_VL_022,12.982,80.2249,2.19,0.002773,0.002773,0.8511,0.33,0.0,0.0,0.0,4.95,0.0,4.95,SAFE,False
0.75,45,MH_VL_023,12.9767,80.2163,31.406,0.007736,0.007736,1.0722,0.72,0.0,0.0,0.0,15.32,0.0,15.32,FLOODED,True
0.75,45,MH_VL_024,12.9679,80.2321,0.0,0.0,0.009642,0.0,0.0,0.009642,0.009642,2.893,0.0,3.01,3.01,SAFE,True
0.75,45,MH_VL_025,12.9723,80.214,3.719,0.001792,0.001792,1.9701,0.09,0.0,0.0,0.0,1.12,0.0,1.12,SAFE,False
0.75,45,MH_VL_026,12.9716,80.2225,13.18,0.009457,0.009459,0.0,0.0,0.009459,0.009459,2.838,12.65,1.44,12.65,CAUTION,True
0.75,45,MH_VL_027,12.9868,80.2175,0.021,7e-06,7e-06,0.6562,0.0,0.0,0.0,0.0,0.01,0.0,0.01,SAFE,False
0.75,45,MH_VL_028,12.9688,80.2291,0.01,4e-06,0.006215,0.0,0.0,0.006215,0.006215,1.864,0.0,1.73,1.73,SAFE,True
0.75,45,MH_VL_029,12.98,80.2222,14.641,0.004962,0.005103,0.4247,1.2,0.0,0.0,0.0,1.73,0.0,1.73,SAFE,False
0.75,45,MH_VL_030,12.9858,80.2177,0.087,2.5e-05,0.000132,0.0,0.0,0.000132,0.000132,0.04,0.04,0.05,0.05,SAFE,True
0.75,45,MH_VL_031,12.9887,80.2121,0.0,0.0,0.000248,1.1871,0.02,0.0,0.0,0.0,0.0,0.0,0.0,SAFE,False
0.75,45,MH_VL_032,12.9783,80.2131,2.679,0.000881,0.000881,1.1386,0.08,0.0,0.0,0.0,3.95,0.0,3.95,SAFE,False
0.75,45,MH_VL_033,12.9691,80.2232,1.637,0.000595,0.000595,0.7546,0.08,0.0,0.0,0.0,0.27,0.0,0.27,SAFE,False
0.75,45,MH_VL_034,12.9882,80.2289,0.006,1e-06,0.00752,0.0,0.0,0.00752,0.00752,2.256,0.02,3.89,3.89,SAFE,True
0.75,45,MH_VL_035,12.975,80.2268,2.657,0.001092,0.006923,0.5575,1.24,0.0,0.0,0.0,0.41,0.0,0.41,SAFE,False
0.75,45,MH_VL_036,12.9763,80.2162,31.185,0.01026,0.01026,3.8254,0.27,0.0,0.0,0.0,5.16,0.0,5.16,CAUTION,False
0.75,45,MH_VL_037,12.9788,80.2247,8.859,0.001972,0.007035,0.0,0.0,0.007035,0.007035,2.11,7.01,3.91,7.01,CAUTION,True
0.75,45,MH_VL_038,12.9665,80.2117,0.004,1e-06,1e-06,5.9913,0.0,0.0,0.0,0.0,0.0,0.0,0.0,SAFE,False
0.75,45,MH_VL_039,12.971,80.2267,0.653,0.000479,0.000479,0.862,0.06,0.0,0.0,0.0,0.01,0.0,0.01,SAFE,False
0.75,45,MH_VL_040,12.9884,80.2243,0.001,1e-06,0.000498,0.0,0.0,0.000498,0.000498,0.149,0.0,0.05,0.05,SAFE,True
0.75,45,MH_VL_041,12.9852,80.2148,0.051,2.3e-05,2.3e-05,1.2129,0.0,0.0,0.0,0.0,0.12,0.0,0.12,SAFE,False
0.75,45,MH_VL_042,12.9756,80.2217,54.011,0.009992,0.010027,0.0,0.0,0.010027,0.010027,3.008,43.89,6.84,43.89,FLOODED,True
0.75,45,MH_VL_043,12.9896,80.2125,0.0,0.0,2.9e-05,4.4582,0.0,0.0,0.0,0.0,0.0,0.0,0.0,SAFE,False
0.75,45,MH_VL_044,12.9677,80.2148,0.206,7.7e-05,7.7e-05,2.9329,0.0,0.0,0.0,0.0,0.05,0.0,0.05,SAFE,False
0.75,45,MH_VL_045,12.9696,80.2216,4.544,0.001685,0.001733,3.2312,0.05,0.0,0.0,0.0,5.53,0.0,5.53,CAUTION,False
0.75,45,MH_VL_046,12.9864,80.2124,0.002,1e-06,1e-06,3.2114,0.0,0.0,0.0,0.0,0.01,0.0,0.01,SAFE,False
0.75,45,MH_VL_047,12.9892,80.2332,0.0,0.0,0.002046,0.0,0.0,0.002046,0.002046,0.614,0.0,0.55,0.55,SAFE,True
0.75,45,MH_VL_048,12.977,80.2316,1.204,0.000313,0.000313,1.2624,0.02,0.0,0.0,0.0,0.06,0.0,0.06,SAFE,False
0.75,45,MH_VL_049,12.9896,80.2166,0.0,0.0,0.0,5.3659,0.0,0.0,0.0,0.0,0.0,0.0,0.0,SAFE,False
0.75,45,MH_VL_050,12.9889,80.2349,0.0,0.0,0.0,0.0,0.0,0.0,0.0,0.0,0.0,0.0,0.0,SAFE,True
0.8333,50,MH_VL_001,12.981,80.2106,0.049,1.6e-05,1.6e-05,0.427,0.0,0.0,0.0,0.0,0.03,0.0,0.03,SAFE,False
0.8333,50,MH_VL_002,12.9834,80.2269,2.627,0.000703,0.00072,0.0,0.0,0.00072,0.00072,0.216,1.85,0.35,1.85,SAFE,True
0.8333,50,MH_VL_003,12.9658,80.2123,0.003,2e-06,2e-06,1.0287,0.0,0.0,0.0,0.0,0.01,0.0,0.01,SAFE,False
0.8333,50,MH_VL_004,12.979,80.2279,9.386,0.00331,0.00858,0.0,0.0,0.00858,0.00858,2.574,28.53,3.57,28.53,FLOODED,True
0.8333,50,MH_VL_005,12.9762,80.217,41.538,0.01071,0.01071,0.4434,2.42,0.0,0.0,0.0,71.11,0.0,71.11,FLOODED,True
0.8333,50,MH_VL_006,12.9735,80.2139,4.994,0.001308,0.001308,0.4845,0.27,0.0,0.0,0.0,6.47,0.0,6.47,CAUTION,False
0.8333,50,MH_VL_007,12.9674,80.2312,0.0,0.0,0.007659,0.0,0.0,0.007659,0.007659,2.298,0.0,2.8,2.8,SAFE,True
0.8333,50,MH_VL_008,12.9832,80.2234,0.942,0.0009,0.006351,0.1472,4.31,0.0,0.0,0.0,2.01,0.0,2.01,SAFE,False
0.8333,50,MH_VL_009,12.9857,80.2255,0.083,3.9e-05,5.1e-05,0.0,0.0,5.1e-05,5.1e-05,0.015,0.33,0.02,0.33,SAFE,True
0.8333,50,MH_VL_010,12.9667,80.2265,0.02,5e-06,2.2e-05,0.4161,0.01,0.0,0.0,0.0,0.01,0.0,0.01,SAFE,False
0.8333,50,MH_VL_011,12.9867,80.2195,0.031,3.8e-05,3.8e-05,0.2991,0.01,0.0,0.0,0.0,0.05,0.0,0.05,SAFE,False
0.8333,50,MH_VL_012,12.9739,80.2268,2.391,0.000956,0.000978,0.186,0.53,0.0,0.0,0.0,0.88,0.0,0.88,SAFE,False
0.8333,50,MH_VL_013,12.9802,80.2143,2.728,0.000682,0.000682,0.4145,0.16,0.0,0.0,0.0,5.14,0.0,5.14,CAUTION,False
0.8333,50,MH_VL_014,12.9745,80.2347,0.003,1e-06,0.011745,0.0,0.0,0.011745,0.011745,3.523,0.0,3.91,3.91,SAFE,True
0.8333,50,MH_VL_015,12.9821,80.2311,6.704,0.001915,0.011061,0.1284,8.61,0.0,0.0,0.0,1.79,0.0,1.79,SAFE,False
0.8333,50,MH_VL_016,12.9851,80.22,0.258,7.2e-05,7.2e-05,0.5398,0.01,0.0,0.0,0.0,0.6,0.0,0.6,SAFE,False
0.8333,50,MH_VL_017,12.9792,80.2279,10.257,0.008094,0.008168,0.5421,1.51,0.0,0.0,0.0,4.55,0.0,4.55,SAFE,False
0.8333,50,MH_VL_018,12.9871,80.2261,0.016,1e-05,1e-05,0.4969,0.0,0.0,0.0,0.0,0.0,0.0,0.0,SAFE,False
0.8333,50,MH_VL_019,12.9836,80.2235,0.592,0.000217,0.007245,0.0,0.0,0.007245,0.007245,2.174,0.83,2.9,2.9,SAFE,True
0.8333,50,MH_VL_020,12.9796,80.219,26.054,0.018719,0.018719,1.4753,1.27,0.0,0.0,0.0,35.68,0.0,35.68,FLOODED,True
0.8333,50,MH_VL_021,12.9839,80.2315,1.585,0.001229,0.014389,0.0,0.0,0.014389,0.014389,4.317,1.12,3.35,3.35,SAFE,True
0.8333,50,MH_VL_022,12.982,80.2249,2.059,0.002606,0.002606,0.8511,0.31,0.0,0.0,0.0,5.75,0.0,5.75,CAUTION,False
0.8333,50,MH_VL_023,12.9767,80.2163,29.502,0.007267,0.007267,1.0722,0.68,0.0,0.0,0.0,20.32,0.0,20.32,FLOODED,True
0.8333,50,MH_VL_024,12.9679,80.2321,0.0,0.0,0.009052,0.0,0.0,0.009052,0.009052,2.715,0.0,2.83,2.83,SAFE,True
0.8333,50,MH_VL_025,12.9723,80.214,3.458,0.001666,0.001666,1.9701,0.08,0.0,0.0,0.0,1.18,0.0,1.18,SAFE,False
0.8333,50,MH_VL_026,12.9716,80.2225,14.16,0.010161,0.010163,0.0,0.0,0.010163,0.010163,3.049,16.04,1.55,16.04,FLOODED,True
0.8333,50,MH_VL_027,12.9868,80.2175,0.019,6e-06,6e-06,0.6562,0.0,0.0,0.0,0.0,0.01,0.0,0.01,SAFE,False
0.8333,50,MH_VL_028,12.9688,80.2291,0.012,5e-06,0.006185,0.0,0.0,0.006185,0.006185,1.856,0.0,1.72,1.72,SAFE,True
0.8333,50,MH_VL_029,12.98,80.2222,14.829,0.005026,0.00515,0.4247,1.21,0.0,0.0,0.0,1.96,0.0,1.96,SAFE,False
0.8333,50,MH_VL_030,12.9858,80.2177,0.079,2.3e-05,0.000117,0.0,0.0,0.000117,0.000117,0.035,0.05,0.05,0.05,SAFE,True
0.8333,50,MH_VL_031,12.9887,80.2121,0.0,0.0,0.000218,1.1871,0.02,0.0,0.0,0.0,0.0,0.0,0.0,SAFE,False
0.8333,50,MH_VL_032,12.9783,80.2131,2.362,0.000777,0.000777,1.1386,0.07,0.0,0.0,0.0,4.79,0.0,4.79,SAFE,False
0.8333,50,MH_VL_033,12.9691,80.2232,1.809,0.000657,0.000657,0.7546,0.09,0.0,0.0,0.0,0.36,0.0,0.36,SAFE,False
0.8333,50,MH_VL_034,12.9882,80.2289,0.006,1e-06,0.007327,0.0,0.0,0.007327,0.007327,2.198,0.02,3.79,3.79,SAFE,True
0.8333,50,MH_VL_035,12.975,80.2268,2.976,0.001223,0.006668,0.5575,1.2,0.0,0.0,0.0,0.48,0.0,0.48,SAFE,False
0.8333,50,MH_VL_036,12.9763,80.2162,29.318,0.009646,0.009646,3.8254,0.25,0.0,0.0,0.0,5.47,0.0,5.47,CAUTION,False
0.8333,50,MH_VL_037,12.9788,80.2247,9.27,0.002064,0.006823,0.0,0.0,0.006823,0.006823,2.047,8.72,3.79,8.72,CAUTION,True
0.8333,50,MH_VL_038,12.9665,80.2117,0.004,1e-06,1e-06,5.9913,0.0,0.0,0.0,0.0,0.0,0.0,0.0,SAFE,False
0.8333,50,MH_VL_039,12.971,80.2267,0.754,0.000553,0.000553,0.862,0.06,0.0,0.0,0.0,0.02,0.0,0.02,SAFE,False
0.8333,50,MH_VL_040,12.9884,80.2243,0.001,1e-06,0.000571,0.0,0.0,0.000571,0.000571,0.171,0.0,0.06,0.06,SAFE,True
0.8333,50,MH_VL_041,12.9852,80.2148,0.044,2e-05,2e-05,1.2129,0.0,0.0,0.0,0.0,0.15,0.0,0.15,SAFE,False
0.8333,50,MH_VL_042,12.9756,80.2217,55.793,0.010322,0.010353,0.0,0.0,0.010353,0.010353,3.106,55.11,7.06,55.11,FLOODED,True
0.8333,50,MH_VL_043,12.9896,80.2125,0.0,0.0,2.8e-05,4.4582,0.0,0.0,0.0,0.0,0.0,0.0,0.0,SAFE,False
0.8333,50,MH_VL_044,12.9677,80.2148,0.201,7.4e-05,7.4e-05,2.9329,0.0,0.0,0.0,0.0,0.06,0.0,0.06,SAFE,False
0.8333,50,MH_VL_045,12.9696,80.2216,4.874,0.001807,0.001854,3.2312,0.06,0.0,0.0,0.0,7.26,0.0,7.26,CAUTION,False
0.8333,50,MH_VL_046,12.9864,80.2124,0.001,0.0,0.0,3.2114,0.0,0.0,0.0,0.0,0.01,0.0,0.01,SAFE,False
0.8333,50,MH_VL_047,12.9892,80.2332,0.0,0.0,0.00221,0.0,0.0,0.00221,0.00221,0.663,0.0,0.6,0.6,SAFE,True
0.8333,50,MH_VL_048,12.977,80.2316,1.37,0.000356,0.000356,1.2624,0.03,0.0,0.0,0.0,0.07,0.0,0.07,SAFE,False
0.8333,50,MH_VL_049,12.9896,80.2166,0.0,0.0,0.0,5.3659,0.0,0.0,0.0,0.0,0.0,0.0,0.0,SAFE,False
0.8333,50,MH_VL_050,12.9889,80.2349,0.0,0.0,0.0,0.0,0.0,0.0,0.0,0.0,0.0,0.0,0.0,SAFE,True
0.9167,55,MH_VL_001,12.981,80.2106,0.041,1.3e-05,1.3e-05,0.427,0.0,0.0,0.0,0.0,0.03,0.0,0.03,SAFE,False
0.9167,55,MH_VL_002,12.9834,80.2269,2.352,0.00063,0.000644,0.0,0.0,0.000644,0.000644,0.193,2.1,0.32,2.1,SAFE,True
0.9167,55,MH_VL_003,12.9658,80.2123,0.003,2e-06,2e-06,1.0287,0.0,0.0,0.0,0.0,0.01,0.0,0.01,SAFE,False
0.9167,55,MH_VL_004,12.979,80.2279,9.231,0.003256,0.008271,0.0,0.0,0.008271,0.008271,2.481,36.24,3.45,36.24,FLOODED,True
0.9167,55,MH_VL_005,12.9762,80.217,39.534,0.010193,0.010193,0.4434,2.3,0.0,0.0,0.0,74.22,0.0,74.22,FLOODED,True
0.9167,55,MH_VL_006,12.9735,80.2139,4.596,0.001204,0.001204,0.4845,0.25,0.0,0.0,0.0,7.53,0.0,7.53,CAUTION,False
0.9167,55,MH_VL_007,12.9674,80.2312,0.0,0.0,0.007286,0.0,0.0,0.007286,0.007286,2.186,0.0,2.67,2.67,SAFE,True
0.9167,55,MH_VL_008,12.9832,80.2234,0.935,0.000893,0.006082,0.1472,4.13,0.0,0.0,0.0,2.52,0.0,2.52,SAFE,False
0.9167,55,MH_VL_009,12.9857,80.2255,0.071,3.4e-05,4.6e-05,0.0,0.0,4.6e-05,4.6e-05,0.014,0.38,0.02,0.38,SAFE,True
0.9167,55,MH_VL_010,12.9667,80.2265,0.024,6e-06,2.1e-05,0.4161,0.01,0.0,0.0,0.0,0.01,0.0,0.01,SAFE,False
0.9167,55,MH_VL_011,12.9867,80.2195,0.029,3.6e-05,3.6e-05,0.2991,0.01,0.0,0.0,0.0,0.05,0.0,0.05,SAFE,False
0.9167,55,MH_VL_012,12.9739,80.2268,2.707,0.001082,0.001103,0.186,0.59,0.0,0.0,0.0,1.09,0.0,1.09,SAFE,False
0.9167,55,MH_VL_013,12.9802,80.2143,2.421,0.000606,0.000606,0.4145,0.15,0.0,0.0,0.0,5.93,0.0,5.93,CAUTION,False
0.9167,55,MH_VL_014,12.9745,80.2347,0.004,1e-06,0.011692,0.0,0.0,0.011692,0.011692,3.508,0.0,3.9,3.9,SAFE,True
0.9167,55,MH_VL_015,12.9821,80.2311,6.969,0.001991,0.011085,0.1284,8.63,0.0,0.0,0.0,2.02,0.0,2.02,SAFE,False
0.9167,55,MH_VL_016,12.9851,80.22,0.243,6.8e-05,6.8e-05,0.5398,0.01,0.0,0.0,0.0,0.75,0.0,0.75,SAFE,False
0.9167,55,MH_VL_017,12.9792,80.2279,10.039,0.007921,0.007991,0.5421,1.47,0.0,0.0,0.0,4.95,0.0,4.95,SAFE,False
0.9167,55,MH_VL_018,12.9871,80.2261,0.014,8e-06,8e-06,0.4969,0.0,0.0,0.0,0.0,0.0,0.0,0.0,SAFE,False
0.9167,55,MH_VL_019,12.9836,80.2235,0.585,0.000214,0.006971,0.0,0.0,0.006971,0.006971,2.091,1.01,2.79,2.79,SAFE,True
0.9167,55,MH_VL_020,12.9796,80.219,25.047,0.017996,0.017996,1.4753,1.22,0.0,0.0,0.0,42.55,0.0,42.55,FLOODED,True
0.9167,55,MH_VL_021,12.9839,80.2315,1.633,0.001267,0.013896,0.0,0.0,0.013896,0.013896,4.169,1.3,3.23,3.23,SAFE,True
0.9167,55,MH_VL_022,12.982,80.2249,1.95,0.002468,0.002468,0.8511,0.29,0.0,0.0,0.0,6.54,0.0,6.54,CAUTION,False
0.9167,55,MH_VL_023,12.9767,80.2163,27.657,0.006813,0.006813,1.0722,0.64,0.0,0.0,0.0,26.3,0.0,26.3,FLOODED,True
0.9167,55,MH_VL_024,12.9679,80.2321,0.0,0.0,0.008491,0.0,0.0,0.008491,0.008491,2.547,0.0,2.65,2.65,SAFE,True
0.9167,55,MH_VL_025,12.9723,80.214,3.211,0.001547,0.001547,1.9701,0.08,0.0,0.0,0.0,1.22,0.0,1.22,SAFE,False
0.9167,55,MH_VL_026,12.9716,80.2225,15.173,0.010888,0.010889,0.0,0.0,0.010889,0.010889,3.267,20.01,1.66,20.01,FLOODED,True
0.9167,55,MH_VL_027,12.9868,80.2175,0.017,6e-06,6e-06,0.6562,0.0,0.0,0.0,0.0,0.02,0.0,0.02,SAFE,False
0.9167,55,MH_VL_028,12.9688,80.2291,0.014,6e-06,0.006149,0.0,0.0,0.006149,0.006149,1.845,0.0,1.71,1.71,SAFE,True
0.9167,55,MH_VL_029,12.98,80.2222,14.981,0.005077,0.005187,0.4247,1.22,0.0,0.0,0.0,2.18,0.0,2.18,SAFE,False
0.9167,55,MH_VL_030,12.9858,80.2177,0.071,2.1e-05,0.000104,0.0,0.0,0.000104,0.000104,0.031,0.06,0.04,0.06,SAFE,True
0.9167,55,MH_VL_031,12.9887,80.2121,0.0,0.0,0.000192,1.1871,0.02,0.0,0.0,0.0,0.0,0.0,0.0,SAFE,False
0.9167,55,MH_VL_032,12.9783,80.2131,2.079,0.000684,0.000684,1.1386,0.06,0.0,0.0,0.0,5.68,0.0,5.68,CAUTION,False
0.9167,55,MH_VL_033,12.9691,80.2232,1.992,0.000724,0.000724,0.7546,0.1,0.0,0.0,0.0,0.45,0.0,0.45,SAFE,False
0.9167,55,MH_VL_034,12.9882,80.2289,0.005,1e-06,0.007172,0.0,0.0,0.007172,0.007172,2.151,0.02,3.71,3.71,SAFE,True
0.9167,55,MH_VL_035,12.975,80.2268,3.332,0.00137,0.006447,0.5575,1.16,0.0,0.0,0.0,0.56,0.0,0.56,SAFE,False
0.9167,55,MH_VL_036,12.9763,80.2162,27.509,0.00905,0.00905,3.8254,0.24,0.0,0.0,0.0,5.89,0.0,5.89,CAUTION,False
0.9167,55,MH_VL_037,12.9788,80.2247,9.705,0.002161,0.006626,0.0,0.0,0.006626,0.006626,1.988,10.61,3.68,10.61,CAUTION,True
0.9167,55,MH_VL_038,12.9665,80.2117,0.004,1e-06,1e-06,5.9913,0.0,0.0,0.0,0.0,0.0,0.0,0.0,SAFE,False
0.9167,55,MH_VL_039,12.971,80.2267,0.869,0.000637,0.000637,0.862,0.07,0.0,0.0,0.0,0.02,0.0,0.02,SAFE,False
0.9167,55,MH_VL_040,12.9884,80.2243,0.001,1e-06,0.000655,0.0,0.0,0.000655,0.000655,0.196,0.0,0.07,0.07,SAFE,True
0.9167,55,MH_VL_041,12.9852,80.2148,0.038,1.7e-05,1.7e-05,1.2129,0.0,0.0,0.0,0.0,0.17,0.0,0.17,SAFE,False
0.9167,55,MH_VL_042,12.9756,80.2217,57.501,0.010638,0.010666,0.0,0.0,0.010666,0.010666,3.2,68.12,7.27,68.12,FLOODED,True
0.9167,55,MH_VL_043,12.9896,80.2125,0.0,0.0,2.7e-05,4.4582,0.0,0.0,0.0,0.0,0.0,0.0,0.0,SAFE,False
0.9167,55,MH_VL_044,12.9677,80.2148,0.194,7.2e-05,7.2e-05,2.9329,0.0,0.0,0.0,0.0,0.07,0.0,0.07,SAFE,False
0.9167,55,MH_VL_045,12.9696,80.2216,5.211,0.001932,0.001977,3.2312,0.06,0.0,0.0,0.0,9.31,0.0,9.31,CAUTION,False
0.9167,55,MH_VL_046,12.9864,80.2124,0.001,0.0,0.0,3.2114,0.0,0.0,0.0,0.0,0.01,0.0,0.01,SAFE,False
0.9167,55,MH_VL_047,12.9892,80.2332,0.0,0.0,0.002381,0.0,0.0,0.002381,0.002381,0.714,0.0,0.64,0.64,SAFE,True
0.9167,55,MH_VL_048,12.977,80.2316,1.551,0.000403,0.000403,1.2624,0.03,0.0,0.0,0.0,0.09,0.0,0.09,SAFE,False
0.9167,55,MH_VL_049,12.9896,80.2166,0.0,0.0,0.0,5.3659,0.0,0.0,0.0,0.0,0.0,0.0,0.0,SAFE,False
0.9167,55,MH_VL_050,12.9889,80.2349,0.0,0.0,0.0,0.0,0.0,0.0,0.0,0.0,0.0,0.0,0.0,SAFE,True
1.0,60,MH_VL_001,12.981,80.2106,0.034,1.1e-05,1.1e-05,0.427,0.0,0.0,0.0,0.0,0.03,0.0,0.03,SAFE,False
1.0,60,MH_VL_002,12.9834,80.2269,2.099,0.000562,0.000574,0.0,0.0,0.000574,0.000574,0.172,2.36,0.28,2.36,SAFE,True
1.0,60,MH_VL_003,12.9658,80.2123,0.003,2e-06,2e-06,1.0287,0.0,0.0,0.0,0.0,0.01,0.0,0.01,SAFE,False
1.0,60,MH_VL_004,12.979,80.2279,9.046,0.00319,0.007951,0.0,0.0,0.007951,0.007951,2.385,45.08,3.31,45.08,FLOODED,True
1.0,60,MH_VL_005,12.9762,80.217,37.529,0.009676,0.009676,0.4434,2.18,0.0,0.0,0.0,75.43,0.0,75.43,FLOODED,True
1.0,60,MH_VL_006,12.9735,80.2139,4.216,0.001104,0.001104,0.4845,0.23,0.0,0.0,0.0,8.63,0.0,8.63,CAUTION,False
1.0,60,MH_VL_007,12.9674,80.2312,0.0,0.0,0.00692,0.0,0.0,0.00692,0.00692,2.076,0.0,2.53,2.53,SAFE,True
1.0,60,MH_VL_008,12.9832,80.2234,0.93,0.000889,0.005815,0.1472,3.95,0.0,0.0,0.0,3.09,0.0,3.09,SAFE,False
1.0,60,MH_VL_009,12.9857,80.2255,0.062,2.9e-05,4.1e-05,0.0,0.0,4.1e-05,4.1e-05,0.012,0.42,0.02,0.42,SAFE,True
1.0,60,MH_VL_010,12.9667,80.2265,0.028,7e-06,2.1e-05,0.4161,0.01,0.0,0.0,0.0,0.01,0.0,0.01,SAFE,False
1.0,60,MH_VL_011,12.9867,80.2195,0.026,3.3e-05,3.3e-05,0.2991,0.01,0.0,0.0,0.0,0.06,0.0,0.06,SAFE,False
1.0,60,MH_VL_012,12.9739,80.2268,3.056,0.001222,0.00124,0.186,0.67,0.0,0.0,0.0,1.33,0.0,1.33,SAFE,False
1.0,60,MH_VL_013,12.9802,80.2143,2.144,0.000536,0.000536,0.4145,0.13,0.0,0.0,0.0,6.71,0.0,6.71,CAUTION,False
1.0,60,MH_VL_014,12.9745,80.2347,0.005,2e-06,0.011626,0.0,0.0,0.011626,0.011626,3.488,0.0,3.88,3.88,SAFE,True
1.0,60,MH_VL_015,12.9821,80.2311,7.209,0.002059,0.011088,0.1284,8.64,0.0,0.0,0.0,2.24,0.0,2.24,SAFE,False
1.0,60,MH_VL_016,12.9851,80.22,0.229,6.4e-05,6.4e-05,0.5398,0.01,0.0,0.0,0.0,0.92,0.0,0.92,SAFE,False
1.0,60,MH_VL_017,12.9792,80.2279,9.786,0.007722,0.007788,0.5421,1.44,0.0,0.0,0.0,5.27,0.0,5.27,CAUTION,False
1.0,60,MH_VL_018,12.9871,80.2261,0.012,7e-06,7e-06,0.4969,0.0,0.0,0.0,0.0,0.0,0.0,0.0,SAFE,False
1.0,60,MH_VL_019,12.9836,80.2235,0.579,0.000212,0.006694,0.0,0.0,0.006694,0.006694,2.008,1.22,2.68,2.68,SAFE,True
1.0,60,MH_VL_020,12.9796,80.219,24.031,0.017266,0.017266,1.4753,1.17,0.0,0.0,0.0,49.79,0.0,49.79,FLOODED,True
1.0,60,MH_VL_021,12.9839,80.2315,1.676,0.0013,0.013408,0.0,0.0,0.013408,0.013408,4.022,1.48,3.12,3.12,SAFE,True
1.0,60,MH_VL_022,12.982,80.2249,1.859,0.002353,0.002353,0.8511,0.28,0.0,0.0,0.0,7.29,0.0,7.29,CAUTION,False
1.0,60,MH_VL_023,12.9767,80.2163,25.859,0.00637,0.00637,1.0722,0.59,0.0,0.0,0.0,33.23,0.0,33.23,FLOODED,True
1.0,60,MH_VL_024,12.9679,80.2321,0.0,0.0,0.007954,0.0,0.0,0.007954,0.007954,2.386,0.0,2.49,2.49,SAFE,True
1.0,60,MH_VL_025,12.9723,80.214,2.973,0.001432,0.001432,1.9701,0.07,0.0,0.0,0.0,1.26,0.0,1.26,SAFE,False
1.0,60,MH_VL_026,12.9716,80.2225,16.225,0.011642,0.011644,0.0,0.0,0.011644,0.011644,3.493,24.59,1.77,24.59,FLOODED,True
1.0,60,MH_VL_027,12.9868,80.2175,0.015,5e-06,5e-06,0.6562,0.0,0.0,0.0,0.0,0.02,0.0,0.02,SAFE,False
1.0,60,MH_VL_028,12.9688,80.2291,0.018,7e-06,0.006107,0.0,0.0,0.006107,0.006107,1.832,0.0,1.7,1.7,SAFE,True
1.0,60,MH_VL_029,12.98,80.2222,15.104,0.005119,0.005215,0.4247,1.23,0.0,0.0,0.0,2.38,0.0,2.38,SAFE,False
1.0,60,MH_VL_030,12.9858,80.2177,0.065,1.9e-05,9.2e-05,0.0,0.0,9.2e-05,9.2e-05,0.028,0.06,0.04,0.06,SAFE,True
1.0,60,MH_VL_031,12.9887,80.2121,0.0,0.0,0.000169,1.1871,0.01,0.0,0.0,0.0,0.0,0.0,0.0,SAFE,False
1.0,60,MH_VL_032,12.9783,80.2131,1.825,0.0006,0.0006,1.1386,0.05,0.0,0.0,0.0,6.62,0.0,6.62,CAUTION,False
1.0,60,MH_VL_033,12.9691,80.2232,2.191,0.000796,0.000796,0.7546,0.11,0.0,0.0,0.0,0.57,0.0,0.57,SAFE,False
1.0,60,MH_VL_034,12.9882,80.2289,0.004,1e-06,0.007049,0.0,0.0,0.007049,0.007049,2.115,0.03,3.65,3.65,SAFE,True
1.0,60,MH_VL_035,12.975,80.2268,3.72,0.001529,0.006251,0.5575,1.12,0.0,0.0,0.0,0.64,0.0,0.64,SAFE,False
1.0,60,MH_VL_036,12.9763,80.2162,25.741,0.008469,0.008469,3.8254,0.22,0.0,0.0,0.0,6.59,0.0,6.59,CAUTION,False
1.0,60,MH_VL_037,12.9788,80.2247,10.151,0.00226,0.006439,0.0,0.0,0.006439,0.006439,1.932,12.84,3.58,12.84,CAUTION,True
1.0,60,MH_VL_038,12.9665,80.2117,0.003,1e-06,1e-06,5.9913,0.0,0.0,0.0,0.0,0.0,0.0,0.0,SAFE,False
1.0,60,MH_VL_039,12.971,80.2267,0.999,0.000732,0.000732,0.862,0.08,0.0,0.0,0.0,0.02,0.0,0.02,SAFE,False
1.0,60,MH_VL_040,12.9884,80.2243,0.001,1e-06,0.000749,0.0,0.0,0.000749,0.000749,0.225,0.0,0.08,0.08,SAFE,True
1.0,60,MH_VL_041,12.9852,80.2148,0.033,1.5e-05,1.5e-05,1.2129,0.0,0.0,0.0,0.0,0.2,0.0,0.2,SAFE,False
1.0,60,MH_VL_042,12.9756,80.2217,59.115,0.010936,0.010962,0.0,0.0,0.010962,0.010962,3.289,74.89,7.47,74.89,FLOODED,True
1.0,60,MH_VL_043,12.9896,80.2125,0.0,0.0,2.6e-05,4.4582,0.0,0.0,0.0,0.0,0.0,0.0,0.0,SAFE,False
1.0,60,MH_VL_044,12.9677,80.2148,0.188,7e-05,7e-05,2.9329,0.0,0.0,0.0,0.0,0.07,0.0,0.07,SAFE,False
1.0,60,MH_VL_045,12.9696,80.2216,5.562,0.002063,0.002106,3.2312,0.07,0.0,0.0,0.0,11.7,0.0,11.7,CAUTION,False
1.0,60,MH_VL_046,12.9864,80.2124,0.001,0.0,0.0,3.2114,0.0,0.0,0.0,0.0,0.01,0.0,0.01,SAFE,False
1.0,60,MH_VL_047,12.9892,80.2332,0.0,0.0,0.002561,0.0,0.0,0.002561,0.002561,0.768,0.0,0.69,0.69,SAFE,True
1.0,60,MH_VL_048,12.977,80.2316,1.748,0.000454,0.000454,1.2624,0.04,0.0,0.0,0.0,0.1,0.0,0.1,SAFE,False
1.0,60,MH_VL_049,12.9896,80.2166,0.0,0.0,0.0,5.3659,0.0,0.0,0.0,0.0,0.0,0.0,0.0,SAFE,False
1.0,60,MH_VL_050,12.9889,80.2349,0.0,0.0,0.0,0.0,0.0,0.0,0.0,0.0,0.0,0.0,0.0,SAFE,True
1.0833,65,MH_VL_001,12.981,80.2106,0.028,9e-06,9e-06,0.427,0.0,0.0,0.0,0.0,0.03,0.0,0.03,SAFE,False
1.0833,65,MH_VL_002,12.9834,80.2269,1.865,0.000499,0.000509,0.0,0.0,0.000509,0.000509,0.153,2.6,0.25,2.6,SAFE,True
1.0833,65,MH_VL_003,12.9658,80.2123,0.003,2e-06,2e-06,1.0287,0.0,0.0,0.0,0.0,0.01,0.0,0.01,SAFE,False
1.0833,65,MH_VL_004,12.979,80.2279,8.836,0.003116,0.007626,0.0,0.0,0.007626,0.007626,2.288,55.03,3.18,55.03,FLOODED,True
1.0833,65,MH_VL_005,12.9762,80.217,35.548,0.009165,0.009165,0.4434,2.07,0.0,0.0,0.0,76.51,0.0,76.51,FLOODED,True
1.0833,65,MH_VL_006,12.9735,80.2139,3.86,0.001011,0.001011,0.4845,0.21,0.0,0.0,0.0,9.77,0.0,9.77,CAUTION,False
1.0833,65,MH_VL_007,12.9674,80.2312,0.0,0.0,0.006561,0.0,0.0,0.006561,0.006561,1.968,0.0,2.4,2.4,SAFE,True
1.0833,65,MH_VL_008,12.9832,80.2234,0.925,0.000884,0.00555,0.1472,3.77,0.0,0.0,0.0,3.73,0.0,3.73,SAFE,False
1.0833,65,MH_VL_009,12.9857,80.2255,0.054,2.5e-05,3.7e-05,0.0,0.0,3.7e-05,3.7e-05,0.011,0.46,0.01,0.46,SAFE,True
1.0833,65,MH_VL_010,12.9667,80.2265,0.033,8e-06,2.2e-05,0.4161,0.01,0.0,0.0,0.0,0.02,0.0,0.02,SAFE,False
1.0833,65,MH_VL_011,12.9867,80.2195,0.024,3e-05,3e-05,0.2991,0.01,0.0,0.0,0.0,0.07,0.0,0.07,SAFE,False
1.0833,65,MH_VL_012,12.9739,80.2268,3.442,0.001376,0.001393,0.186,0.75,0.0,0.0,0.0,1.6,0.0,1.6,SAFE,False
1.0833,65,MH_VL_013,12.9802,80.2143,1.893,0.000474,0.000474,0.4145,0.11,0.0,0.0,0.0,7.47,0.0,7.47,CAUTION,False
1.0833,65,MH_VL_014,12.9745,80.2347,0.006,2e-06,0.011554,0.0,0.0,0.011554,0.011554,3.466,0.0,3.85,3.85,SAFE,True
1.0833,65,MH_VL_015,12.9821,80.2311,7.422,0.00212,0.011078,0.1284,8.63,0.0,0.0,0.0,2.57,0.0,2.57,SAFE,False
1.0833,65,MH_VL_016,12.9851,80.22,0.215,6e-05,6e-05,0.5398,0.01,0.0,0.0,0.0,1.1,0.0,1.1,SAFE,False
1.0833,65,MH_VL_017,12.9792,80.2279,9.508,0.007503,0.007564,0.5421,1.4,0.0,0.0,0.0,5.5,0.0,5.5,CAUTION,False
1.0833,65,MH_VL_018,12.9871,80.2261,0.01,6e-06,6e-06,0.4969,0.0,0.0,0.0,0.0,0.0,0.0,0.0,SAFE,False
1.0833,65,MH_VL_019,12.9836,80.2235,0.573,0.00021,0.006413,0.0,0.0,0.006413,0.006413,1.924,1.44,2.57,2.57,SAFE,True
1.0833,65,MH_VL_020,12.9796,80.219,22.996,0.016523,0.016523,1.4753,1.12,0.0,0.0,0.0,57.26,0.0,57.26,FLOODED,True
1.0833,65,MH_VL_021,12.9839,80.2315,1.71,0.001326,0.012917,0.0,0.0,0.012917,0.012917,3.875,1.67,3.0,3.0,SAFE,True
1.0833,65,MH_VL_022,12.982,80.2249,1.785,0.00226,0.00226,0.8511,0.27,0.0,0.0,0.0,8.01,0.0,8.01,CAUTION,False
1.0833,65,MH_VL_023,12.9767,80.2163,24.124,0.005942,0.005942,1.0722,0.55,0.0,0.0,0.0,41.05,0.0,41.05,FLOODED,True
1.0833,65,MH_VL_024,12.9679,80.2321,0.0,0.0,0.007443,0.0,0.0,0.007443,0.007443,2.233,0.0,2.33,2.33,SAFE,True
1.0833,65,MH_VL_025,12.9723,80.214,2.746,0.001323,0.001323,1.9701,0.07,0.0,0.0,0.0,1.28,0.0,1.28,SAFE,False
1.0833,65,MH_VL_026,12.9716,80.2225,17.305,0.012417,0.012418,0.0,0.0,0.012418,0.012418,3.725,29.83,1.89,29.83,FLOODED,True
1.0833,65,MH_VL_027,12.9868,80.2175,0.014,5e-06,5e-06,0.6562,0.0,0.0,0.0,0.0,0.02,0.0,0.02,SAFE,False
1.0833,65,MH_VL_028,12.9688,80.2291,0.021,8e-06,0.006058,0.0,0.0,0.006058,0.006058,1.817,0.01,1.68,1.68,SAFE,True
1.0833,65,MH_VL_029,12.98,80.2222,15.19,0.005148,0.005232,0.4247,1.23,0.0,0.0,0.0,2.56,0.0,2.56,SAFE,False
1.0833,65,MH_VL_030,12.9858,80.2177,0.058,1.7e-05,8.1e-05,0.0,0.0,8.1e-05,8.1e-05,0.024,0.07,0.03,0.07,SAFE,True
1.0833,65,MH_VL_031,12.9887,80.2121,0.0,0.0,0.000148,1.1871,0.01,0.0,0.0,0.0,0.0,0.0,0.0,SAFE,False
1.0833,65,MH_VL_032,12.9783,80.2131,1.598,0.000526,0.000526,1.1386,0.05,0.0,0.0,0.0,7.56,0.0,7.56,CAUTION,False
1.0833,65,MH_VL_033,12.9691,80.2232,2.402,0.000873,0.000873,0.7546,0.12,0.0,0.0,0.0,0.7,0.0,0.7,SAFE,False
1.0833,65,MH_VL_034,12.9882,80.2289,0.004,1e-06,0.006963,0.0,0.0,0.006963,0.006963,2.089,0.03,3.6,3.6,SAFE,True
1.0833,65,MH_VL_035,12.975,80.2268,4.148,0.001705,0.006089,0.5575,1.09,0.0,0.0,0.0,0.73,0.0,0.73,SAFE,False
1.0833,65,MH_VL_036,12.9763,80.2162,24.035,0.007907,0.007907,3.8254,0.21,0.0,0.0,0.0,7.3,0.0,7.3,CAUTION,False
1.0833,65,MH_VL_037,12.9788,80.2247,10.612,0.002363,0.006264,0.0,0.0,0.006264,0.006264,1.879,15.26,3.48,15.26,FLOODED,True
1.0833,65,MH_VL_038,12.9665,80.2117,0.003,1e-06,1e-06,5.9913,0.0,0.0,0.0,0.0,0.0,0.0,0.0,SAFE,False
1.0833,65,MH_VL_039,12.971,80.2267,1.146,0.00084,0.00084,0.862,0.1,0.0,0.0,0.0,0.02,0.0,0.02,SAFE,False
1.0833,65,MH_VL_040,12.9884,80.2243,0.001,1e-06,0.000856,0.0,0.0,0.000856,0.000856,0.257,0.0,0.09,0.09,SAFE,True
1.0833,65,MH_VL_041,12.9852,80.2148,0.028,1.3e-05,1.3e-05,1.2129,0.0,0.0,0.0,0.0,0.22,0.0,0.22,SAFE,False
1.0833,65,MH_VL_042,12.9756,80.2217,60.639,0.011218,0.011242,0.0,0.0,0.011242,0.011242,3.373,76.81,7.66,76.81,FLOODED,True
1.0833,65,MH_VL_043,12.9896,80.2125,0.0,0.0,2.5e-05,4.4582,0.0,0.0,0.0,0.0,0.0,0.0,0.0,SAFE,False
1.0833,65,MH_VL_044,12.9677,80.2148,0.181,6.7e-05,6.7e-05,2.9329,0.0,0.0,0.0,0.0,0.08,0.0,0.08,SAFE,False
1.0833,65,MH_VL_045,12.9696,80.2216,5.92,0.002195,0.002237,3.2312,0.07,0.0,0.0,0.0,14.45,0.0,14.45,CAUTION,False
1.0833,65,MH_VL_046,12.9864,80.2124,0.001,0.0,0.0,3.2114,0.0,0.0,0.0,0.0,0.01,0.0,0.01,SAFE,False
1.0833,65,MH_VL_047,12.9892,80.2332,0.0,0.0,0.002746,0.0,0.0,0.002746,0.002746,0.824,0.0,0.74,0.74,SAFE,True
1.0833,65,MH_VL_048,12.977,80.2316,1.959,0.000509,0.000509,1.2624,0.04,0.0,0.0,0.0,0.11,0.0,0.11,SAFE,False
1.0833,65,MH_VL_049,12.9896,80.2166,0.0,0.0,0.0,5.3659,0.0,0.0,0.0,0.0,0.0,0.0,0.0,SAFE,False
1.0833,65,MH_VL_050,12.9889,80.2349,0.0,0.0,0.0,0.0,0.0,0.0,0.0,0.0,0.0,0.0,0.0,SAFE,True
1.1667,70,MH_VL_001,12.981,80.2106,0.023,8e-06,8e-06,0.427,0.0,0.0,0.0,0.0,0.02,0.0,0.02,SAFE,False
1.1667,70,MH_VL_002,12.9834,80.2269,1.653,0.000443,0.000451,0.0,0.0,0.000451,0.000451,0.135,2.84,0.22,2.84,SAFE,True
1.1667,70,MH_VL_003,12.9658,80.2123,0.002,2e-06,2e-06,1.0287,0.0,0.0,0.0,0.0,0.01,0.0,0.01,SAFE,False
1.1667,70,MH_VL_004,12.979,80.2279,8.604,0.003034,0.007295,0.0,0.0,0.007295,0.007295,2.189,66.02,3.04,66.02,FLOODED,True
1.1667,70,MH_VL_005,12.9762,80.217,33.589,0.00866,0.00866,0.4434,1.95,0.0,0.0,0.0,77.43,0.0,77.43,FLOODED,True
1.1667,70,MH_VL_006,12.9735,80.2139,3.526,0.000924,0.000924,0.4845,0.19,0.0,0.0,0.0,10.93,0.0,10.93,CAUTION,False
1.1667,70,MH_VL_007,12.9674,80.2312,0.0,0.0,0.006213,0.0,0.0,0.006213,0.006213,1.864,0.0,2.27,2.27,SAFE,True
1.1667,70,MH_VL_008,12.9832,80.2234,0.92,0.000879,0.005289,0.1472,3.59,0.0,0.0,0.0,4.42,0.0,4.42,SAFE,False
1.1667,70,MH_VL_009,12.9857,80.2255,0.047,2.2e-05,3.4e-05,0.0,0.0,3.4e-05,3.4e-05,0.01,0.5,0.01,0.5,SAFE,True
1.1667,70,MH_VL_010,12.9667,80.2265,0.039,1e-05,2.2e-05,0.4161,0.01,0.0,0.0,0.0,0.02,0.0,0.02,SAFE,False
1.1667,70,MH_VL_011,12.9867,80.2195,0.022,2.8e-05,2.8e-05,0.2991,0.01,0.0,0.0,0.0,0.07,0.0,0.07,SAFE,False
1.1667,70,MH_VL_012,12.9739,80.2268,3.868,0.001547,0.001563,0.186,0.84,0.0,0.0,0.0,1.9,0.0,1.9,SAFE,False
1.1667,70,MH_VL_013,12.9802,80.2143,1.669,0.000417,0.000417,0.4145,0.1,0.0,0.0,0.0,8.2,0.0,8.2,CAUTION,False
1.1667,70,MH_VL_014,12.9745,80.2347,0.008,3e-06,0.011477,0.0,0.0,0.011477,0.011477,3.443,0.0,3.83,3.83,SAFE,True
1.1667,70,MH_VL_015,12.9821,80.2311,7.604,0.002172,0.011056,0.1284,8.61,0.0,0.0,0.0,3.01,0.0,3.01,SAFE,False
1.1667,70,MH_VL_016,12.9851,80.22,0.201,5.6e-05,5.6e-05,0.5398,0.01,0.0,0.0,0.0,1.31,0.0,1.31,SAFE,False
1.1667,70,MH_VL_017,12.9792,80.2279,9.206,0.007264,0.007322,0.5421,1.35,0.0,0.0,0.0,5.66,0.0,5.66,CAUTION,False
1.1667,70,MH_VL_018,12.9871,80.2261,0.008,5e-06,5e-06,0.4969,0.0,0.0,0.0,0.0,0.0,0.0,0.0,SAFE,False
1.1667,70,MH_VL_019,12.9836,80.2235,0.567,0.000208,0.00613,0.0,0.0,0.00613,0.00613,1.839,1.68,2.45,2.45,SAFE,True
1.1667,70,MH_VL_020,12.9796,80.219,21.956,0.015775,0.015775,1.4753,1.07,0.0,0.0,0.0,64.85,0.0,64.85,FLOODED,True
1.1667,70,MH_VL_021,12.9839,80.2315,1.737,0.001348,0.012429,0.0,0.0,0.012429,0.012429,3.729,1.87,2.89,2.89,SAFE,True
1.1667,70,MH_VL_022,12.982,80.2249,1.727,0.002185,0.002185,0.8511,0.26,0.0,0.0,0.0,8.69,0.0,8.69,CAUTION,False
1.1667,70,MH_VL_023,12.9767,80.2163,22.452,0.00553,0.00553,1.0722,0.52,0.0,0.0,0.0,49.64,0.0,49.64,FLOODED,True
1.1667,70,MH_VL_024,12.9679,80.2321,0.0,0.0,0.006959,0.0,0.0,0.006959,0.006959,2.088,0.0,2.17,2.17,SAFE,True
1.1667,70,MH_VL_025,12.9723,80.214,2.531,0.001219,0.001219,1.9701,0.06,0.0,0.0,0.0,1.29,0.0,1.29,SAFE,False
1.1667,70,MH_VL_026,12.9716,80.2225,18.415,0.013213,0.013214,0.0,0.0,0.013214,0.013214,3.964,35.75,2.01,35.75,FLOODED,True
1.1667,70,MH_VL_027,12.9868,80.2175,0.012,4e-06,4e-06,0.6562,0.0,0.0,0.0,0.0,0.02,0.0,0.02,SAFE,False
1.1667,70,MH_VL_028,12.9688,80.2291,0.026,1e-05,0.006003,0.0,0.0,0.006003,0.006003,1.801,0.01,1.67,1.67,SAFE,True
1.1667,70,MH_VL_029,12.98,80.2222,15.243,0.005166,0.005239,0.4247,1.23,0.0,0.0,0.0,2.72,0.0,2.72,SAFE,False
1.1667,70,MH_VL_030,12.9858,80.2177,0.052,1.5e-05,7.1e-05,0.0,0.0,7.1e-05,7.1e-05,0.021,0.07,0.03,0.07,SAFE,True
1.1667,70,MH_VL_031,12.9887,80.2121,0.0,0.0,0.000129,1.1871,0.01,0.0,0.0,0.0,0.0,0.0,0.0,SAFE,False
1.1667,70,MH_VL_032,12.9783,80.2131,1.397,0.000459,0.000459,1.1386,0.04,0.0,0.0,0.0,8.48,0.0,8.48,CAUTION,False
1.1667,70,MH_VL_033,12.9691,80.2232,2.629,0.000955,0.000955,0.7546,0.13,0.0,0.0,0.0,0.85,0.0,0.85,SAFE,False
1.1667,70,MH_VL_034,12.9882,80.2289,0.003,1e-06,0.006915,0.0,0.0,0.006915,0.006915,2.075,0.04,3.58,3.58,SAFE,True
1.1667,70,MH_VL_035,12.975,80.2268,4.615,0.001897,0.005959,0.5575,1.07,0.0,0.0,0.0,0.83,0.0,0.83,SAFE,False
1.1667,70,MH_VL_036,12.9763,80.2162,22.388,0.007365,0.007365,3.8254,0.19,0.0,0.0,0.0,8.04,0.0,8.04,CAUTION,False
1.1667,70,MH_VL_037,12.9788,80.2247,11.085,0.002468,0.006102,0.0,0.0,0.006102,0.006102,1.831,17.86,3.39,17.86,FLOODED,True
1.1667,70,MH_VL_038,12.9665,80.2117,0.003,1e-06,1e-06,5.9913,0.0,0.0,0.0,0.0,0.0,0.0,0.0,SAFE,False
1.1667,70,MH_VL_039,12.971,80.2267,1.311,0.000961,0.000961,0.862,0.11,0.0,0.0,0.0,0.03,0.0,0.03,SAFE,False
1.1667,70,MH_VL_040,12.9884,80.2243,0.001,1e-06,0.000976,0.0,0.0,0.000976,0.000976,0.293,0.0,0.1,0.1,SAFE,True
1.1667,70,MH_VL_041,12.9852,80.2148,0.024,1.1e-05,1.1e-05,1.2129,0.0,0.0,0.0,0.0,0.25,0.0,0.25,SAFE,False
1.1667,70,MH_VL_042,12.9756,80.2217,62.046,0.011479,0.0115,0.0,0.0,0.0115,0.0115,3.45,78.75,7.84,78.75,FLOODED,True
1.1667,70,MH_VL_043,12.9896,80.2125,0.0,0.0,2.4e-05,4.4582,0.0,0.0,0.0,0.0,0.0,0.0,0.0,SAFE,False
1.1667,70,MH_VL_044,12.9677,80.2148,0.174,6.4e-05,6.4e-05,2.9329,0.0,0.0,0.0,0.0,0.09,0.0,0.09,SAFE,False
1.1667,70,MH_VL_045,12.9696,80.2216,6.288,0.002332,0.002372,3.2312,0.07,0.0,0.0,0.0,17.59,0.0,17.59,FLOODED,True
1.1667,70,MH_VL_046,12.9864,80.2124,0.001,0.0,0.0,3.2114,0.0,0.0,0.0,0.0,0.01,0.0,0.01,SAFE,False
1.1667,70,MH_VL_047,12.9892,80.2332,0.0,0.0,0.00294,0.0,0.0,0.00294,0.00294,0.882,0.0,0.79,0.79,SAFE,True
1.1667,70,MH_VL_048,12.977,80.2316,2.187,0.000568,0.000569,1.2624,0.05,0.0,0.0,0.0,0.12,0.0,0.12,SAFE,False
1.1667,70,MH_VL_049,12.9896,80.2166,0.0,0.0,0.0,5.3659,0.0,0.0,0.0,0.0,0.0,0.0,0.0,SAFE,False
1.1667,70,MH_VL_050,12.9889,80.2349,0.0,0.0,0.0,0.0,0.0,0.0,0.0,0.0,0.0,0.0,0.0,SAFE,True
1.25,75,MH_VL_001,12.981,80.2106,0.019,6e-06,6e-06,0.427,0.0,0.0,0.0,0.0,0.02,0.0,0.02,SAFE,False
1.25,75,MH_VL_002,12.9834,80.2269,1.459,0.000391,0.000398,0.0,0.0,0.000398,0.000398,0.119,3.06,0.2,3.06,SAFE,True
1.25,75,MH_VL_003,12.9658,80.2123,0.002,2e-06,2e-06,1.0287,0.0,0.0,0.0,0.0,0.01,0.0,0.01,SAFE,False
1.25,75,MH_VL_004,12.979,80.2279,8.353,0.002946,0.006962,0.0,0.0,0.006962,0.006962,2.089,71.97,2.9,71.97,FLOODED,True
1.25,75,MH_VL_005,12.9762,80.217,31.662,0.008163,0.008163,0.4434,1.84,0.0,0.0,0.0,78.13,0.0,78.13,FLOODED,True
1.25,75,MH_VL_006,12.9735,80.2139,3.211,0.000841,0.000841,0.4845,0.17,0.0,0.0,0.0,12.1,0.0,12.1,CAUTION,False
1.25,75,MH_VL_007,12.9674,80.2312,0.001,0.0,0.005872,0.0,0.0,0.005872,0.005872,1.762,0.0,2.15,2.15,SAFE,True
1.25,75,MH_VL_008,12.9832,80.2234,0.914,0.000873,0.005031,0.1472,3.42,0.0,0.0,0.0,5.18,0.0,5.18,CAUTION,False
1.25,75,MH_VL_009,12.9857,80.2255,0.041,2e-05,3.2e-05,0.0,0.0,3.2e-05,3.2e-05,0.01,0.53,0.01,0.53,SAFE,True
1.25,75,MH_VL_010,12.9667,80.2265,0.045,1.1e-05,2.3e-05,0.4161,0.01,0.0,0.0,0.0,0.02,0.0,0.02,SAFE,False
1.25,75,MH_VL_011,12.9867,80.2195,0.021,2.6e-05,2.6e-05,0.2991,0.01,0.0,0.0,0.0,0.08,0.0,0.08,SAFE,False
1.25,75,MH_VL_012,12.9739,80.2268,4.335,0.001733,0.001748,0.186,0.94,0.0,0.0,0.0,2.24,0.0,2.24,SAFE,False
1.25,75,MH_VL_013,12.9802,80.2143,1.466,0.000367,0.000367,0.4145,0.09,0.0,0.0,0.0,8.89,0.0,8.89,CAUTION,False
1.25,75,MH_VL_014,12.9745,80.2347,0.01,4e-06,0.011399,0.0,0.0,0.011399,0.011399,3.42,0.0,3.8,3.8,SAFE,True
1.25,75,MH_VL_015,12.9821,80.2311,7.755,0.002215,0.011028,0.1284,8.59,0.0,0.0,0.0,3.47,0.0,3.47,SAFE,False
1.25,75,MH_VL_016,12.9851,80.22,0.188,5.2e-05,5.2e-05,0.5398,0.01,0.0,0.0,0.0,1.52,0.0,1.52,SAFE,False
1.25,75,MH_VL_017,12.9792,80.2279,8.886,0.007012,0.007065,0.5421,1.3,0.0,0.0,0.0,5.92,0.0,5.92,CAUTION,False
1.25,75,MH_VL_018,12.9871,80.2261,0.007,4e-06,4e-06,0.4969,0.0,0.0,0.0,0.0,0.0,0.0,0.0,SAFE,False
1.25,75,MH_VL_019,12.9836,80.2235,0.562,0.000206,0.005848,0.0,0.0,0.005848,0.005848,1.754,1.93,2.34,2.34,SAFE,True
1.25,75,MH_VL_020,12.9796,80.219,20.915,0.015027,0.015027,1.4753,1.02,0.0,0.0,0.0,67.6,0.0,67.6,FLOODED,True
1.25,75,MH_VL_021,12.9839,80.2315,1.756,0.001362,0.011943,0.0,0.0,0.011943,0.011943,3.583,2.07,2.78,2.78,SAFE,True
1.25,75,MH_VL_022,12.982,80.2249,1.679,0.002126,0.002126,0.8511,0.25,0.0,0.0,0.0,9.34,0.0,9.34,CAUTION,False
1.25,75,MH_VL_023,12.9767,80.2163,20.843,0.005134,0.005134,1.0722,0.48,0.0,0.0,0.0,58.88,0.0,58.88,FLOODED,True
1.25,75,MH_VL_024,12.9679,80.2321,0.0,0.0,0.006498,0.0,0.0,0.006498,0.006498,1.949,0.0,2.03,2.03,SAFE,True
1.25,75,MH_VL_025,12.9723,80.214,2.325,0.00112,0.00112,1.9701,0.06,0.0,0.0,0.0,1.29,0.0,1.29,SAFE,False
1.25,75,MH_VL_026,12.9716,80.2225,19.549,0.014028,0.014029,0.0,0.0,0.014029,0.014029,4.209,42.37,2.14,42.37,FLOODED,True
1.25,75,MH_VL_027,12.9868,80.2175,0.011,4e-06,4e-06,0.6562,0.0,0.0,0.0,0.0,0.02,0.0,0.02,SAFE,False
1.25,75,MH_VL_028,12.9688,80.2291,0.031,1.2e-05,0.00594,0.0,0.0,0.00594,0.00594,1.782,0.01,1.65,1.65,SAFE,True
1.25,75,MH_VL_029,12.98,80.2222,15.26,0.005172,0.005236,0.4247,1.23,0.0,0.0,0.0,2.86,0.0,2.86,SAFE,False
1.25,75,MH_VL_030,12.9858,80.2177,0.047,1.4e-05,6.2e-05,0.0,0.0,6.2e-05,6.2e-05,0.019,0.07,0.02,0.07,SAFE,True
1.25,75,MH_VL_031,12.9887,80.2121,0.0,0.0,0.000113,1.1871,0.01,0.0,0.0,0.0,0.0,0.0,0.0,SAFE,False
1.25,75,MH_VL_032,12.9783,80.2131,1.217,0.0004,0.0004,1.1386,0.04,0.0,0.0,0.0,9.37,0.0,9.37,CAUTION,False
1.25,75,MH_VL_033,12.9691,80.2232,2.87,0.001043,0.001043,0.7546,0.14,0.0,0.0,0.0,1.02,0.0,1.02,SAFE,False
1.25,75,MH_VL_034,12.9882,80.2289,0.003,1e-06,0.006904,0.0,0.0,0.006904,0.006904,2.071,0.04,3.57,3.57,SAFE,True
1.25,75,MH_VL_035,12.975,80.2268,5.122,0.002105,0.00586,0.5575,1.05,0.0,0.0,0.0,0.93,0.0,0.93,SAFE,False
1.25,75,MH_VL_036,12.9763,80.2162,20.8,0.006843,0.006843,3.8254,0.18,0.0,0.0,0.0,8.78,0.0,8.78,CAUTION,False
1.25,75,MH_VL_037,12.9788,80.2247,11.563,0.002574,0.005951,0.0,0.0,0.005951,0.005951,1.785,20.62,3.31,20.62,FLOODED,True
1.25,75,MH_VL_038,12.9665,80.2117,0.003,1e-06,1e-06,5.9913,0.0,0.0,0.0,0.0,0.0,0.0,0.0,SAFE,False
1.25,75,MH_VL_039,12.971,80.2267,1.495,0.001096,0.001096,0.862,0.13,0.0,0.0,0.0,0.03,0.0,0.03,SAFE,False
1.25,75,MH_VL_040,12.9884,80.2243,0.001,1e-06,0.001111,0.0,0.0,0.001111,0.001111,0.333,0.01,0.12,0.12,SAFE,True
1.25,75,MH_VL_041,12.9852,80.2148,0.021,1e-05,1e-05,1.2129,0.0,0.0,0.0,0.0,0.28,0.0,0.28,SAFE,False
1.25,75,MH_VL_042,12.9756,80.2217,63.348,0.011719,0.011739,0.0,0.0,0.011739,0.011739,3.522,80.65,8.0,80.65,FLOODED,True
1.25,75,MH_VL_043,12.9896,80.2125,0.0,0.0,2.3e-05,4.4582,0.0,0.0,0.0,0.0,0.0,0.0,0.0,SAFE,False
1.25,75,MH_VL_044,12.9677,80.2148,0.167,6.2e-05,6.2e-05,2.9329,0.0,0.0,0.0,0.0,0.09,0.0,0.09,SAFE,False
1.25,75,MH_VL_045,12.9696,80.2216,6.662,0.00247,0.002509,3.2312,0.08,0.0,0.0,0.0,21.12,0.0,21.12,FLOODED,True
1.25,75,MH_VL_046,12.9864,80.2124,0.0,0.0,0.0,3.2114,0.0,0.0,0.0,0.0,0.01,0.0,0.01,SAFE,False
1.25,75,MH_VL_047,12.9892,80.2332,0.0,0.0,0.00314,0.0,0.0,0.00314,0.00314,0.942,0.0,0.85,0.85,SAFE,True
1.25,75,MH_VL_048,12.977,80.2316,2.428,0.000631,0.000631,1.2624,0.05,0.0,0.0,0.0,0.14,0.0,0.14,SAFE,False
1.25,75,MH_VL_049,12.9896,80.2166,0.0,0.0,0.0,5.3659,0.0,0.0,0.0,0.0,0.0,0.0,0.0,SAFE,False
1.25,75,MH_VL_050,12.9889,80.2349,0.0,0.0,0.0,0.0,0.0,0.0,0.0,0.0,0.0,0.0,0.0,SAFE,True
1.3333,80,MH_VL_001,12.981,80.2106,0.016,5e-06,5e-06,0.427,0.0,0.0,0.0,0.0,0.02,0.0,0.02,SAFE,False
1.3333,80,MH_VL_002,12.9834,80.2269,1.286,0.000344,0.00035,0.0,0.0,0.00035,0.00035,0.105,3.27,0.17,3.27,SAFE,True
1.3333,80,MH_VL_003,12.9658,80.2123,0.002,1e-06,1e-06,1.0287,0.0,0.0,0.0,0.0,0.01,0.0,0.01,SAFE,False
1.3333,80,MH_VL_004,12.979,80.2279,8.091,0.002853,0.006631,0.0,0.0,0.006631,0.006631,1.989,72.84,2.76,72.84,FLOODED,True
1.3333,80,MH_VL_005,12.9762,80.217,29.778,0.007678,0.007678,0.4434,1.73,0.0,0.0,0.0,78.6,0.0,78.6,FLOODED,True
1.3333,80,MH_VL_006,12.9735,80.2139,2.92,0.000765,0.000765,0.4845,0.16,0.0,0.0,0.0,13.25,0.0,13.25,CAUTION,False
1.3333,80,MH_VL_007,12.9674,80.2312,0.001,0.0,0.005543,0.0,0.0,0.005543,0.005543,1.663,0.0,2.03,2.03,SAFE,True
1.3333,80,MH_VL_008,12.9832,80.2234,0.907,0.000867,0.004778,0.1472,3.25,0.0,0.0,0.0,6.01,0.0,6.01,CAUTION,False
1.3333,80,MH_VL_009,12.9857,80.2255,0.037,1.7e-05,3.1e-05,0.0,0.0,3.1e-05,3.1e-05,0.009,0.56,0.01,0.56,SAFE,True
1.3333,80,MH_VL_010,12.9667,80.2265,0.053,1.3e-05,2.4e-05,0.4161,0.01,0.0,0.0,0.0,0.03,0.0,0.03,SAFE,False
1.3333,80,MH_VL_011,12.9867,80.2195,0.019,2.4e-05,2.4e-05,0.2991,0.01,0.0,0.0,0.0,0.08,0.0,0.08,SAFE,False
1.3333,80,MH_VL_012,12.9739,80.2268,4.852,0.00194,0.001953,0.186,1.05,0.0,0.0,0.0,2.62,0.0,2.62,SAFE,False
1.3333,80,MH_VL_013,12.9802,80.2143,1.286,0.000322,0.000322,0.4145,0.08,0.0,0.0,0.0,9.54,0.0,9.54,CAUTION,False
1.3333,80,MH_VL_014,12.9745,80.2347,0.012,5e-06,0.011326,0.0,0.0,0.011326,0.011326,3.398,0.01,3.78,3.78,SAFE,True
1.3333,80,MH_VL_015,12.9821,80.2311,7.868,0.002247,0.011,0.1284,8.57,0.0,0.0,0.0,3.95,0.0,3.95,SAFE,False
1.3333,80,MH_VL_016,12.9851,80.22,0.175,4.9e-05,4.9e-05,0.5398,0.01,0.0,0.0,0.0,1.74,0.0,1.74,SAFE,False
1.3333,80,MH_VL_017,12.9792,80.2279,8.554,0.006749,0.006799,0.5421,1.25,0.0,0.0,0.0,6.15,0.0,6.15,CAUTION,False
1.3333,80,MH_VL_018,12.9871,80.2261,0.006,4e-06,4e-06,0.4969,0.0,0.0,0.0,0.0,0.0,0.0,0.0,SAFE,False
1.3333,80,MH_VL_019,12.9836,80.2235,0.556,0.000203,0.005564,0.0,0.0,0.005564,0.005564,1.669,2.19,2.23,2.23,SAFE,True
1.3333,80,MH_VL_020,12.9796,80.219,19.872,0.014278,0.014278,1.4753,0.97,0.0,0.0,0.0,67.54,0.0,67.54,FLOODED,True
1.3333,80,MH_VL_021,12.9839,80.2315,1.767,0.00137,0.011458,0.0,0.0,0.011458,0.011458,3.437,2.28,2.66,2.66,SAFE,True
1.3333,80,MH_VL_022,12.982,80.2249,1.645,0.002082,0.002082,0.8511,0.24,0.0,0.0,0.0,9.96,0.0,9.96,CAUTION,False
1.3333,80,MH_VL_023,12.9767,80.2163,19.31,0.004756,0.004756,1.0722,0.44,0.0,0.0,0.0,68.62,0.0,68.62,FLOODED,True
1.3333,80,MH_VL_024,12.9679,80.2321,0.0,0.0,0.006066,0.0,0.0,0.006066,0.006066,1.82,0.0,1.9,1.9,SAFE,True
1.3333,80,MH_VL_025,12.9723,80.214,2.134,0.001028,0.001028,1.9701,0.05,0.0,0.0,0.0,1.28,0.0,1.28,SAFE,False
1.3333,80,MH_VL_026,12.9716,80.2225,20.703,0.014855,0.014856,0.0,0.0,0.014856,0.014856,4.457,49.71,2.26,49.71,FLOODED,True
1.3333,80,MH_VL_027,12.9868,80.2175,0.009,3e-06,3e-06,0.6562,0.0,0.0,0.0,0.0,0.02,0.0,0.02,SAFE,False
1.3333,80,MH_VL_028,12.9688,80.2291,0.037,1.5e-05,0.00587,0.0,0.0,0.00587,0.00587,1.761,0.01,1.63,1.63,SAFE,True
1.3333,80,MH_VL_029,12.98,80.2222,15.239,0.005165,0.005221,0.4247,1.23,0.0,0.0,0.0,2.97,0.0,2.97,SAFE,False
1.3333,80,MH_VL_030,12.9858,80.2177,0.042,1.2e-05,5.5e-05,0.0,0.0,5.5e-05,5.5e-05,0.016,0.08,0.02,0.08,SAFE,True
1.3333,80,MH_VL_031,12.9887,80.2121,0.0,0.0,9.8e-05,1.1871,0.01,0.0,0.0,0.0,0.0,0.0,0.0,SAFE,False
1.3333,80,MH_VL_032,12.9783,80.2131,1.059,0.000348,0.000348,1.1386,0.03,0.0,0.0,0.0,10.21,0.0,10.21,CAUTION,False
1.3333,80,MH_VL_033,12.9691,80.2232,3.125,0.001136,0.001136,0.7546,0.15,0.0,0.0,0.0,1.21,0.0,1.21,SAFE,False
1.3333,80,MH_VL_034,12.9882,80.2289,0.003,1e-06,0.006936,0.0,0.0,0.006936,0.006936,2.081,0.05,3.59,3.59,SAFE,True
1.3333,80,MH_VL_035,12.975,80.2268,5.68,0.002335,0.0058,0.5575,1.04,0.0,0.0,0.0,1.04,0.0,1.04,SAFE,False
1.3333,80,MH_VL_036,12.9763,80.2162,19.286,0.006345,0.006345,3.8254,0.17,0.0,0.0,0.0,9.53,0.0,9.53,CAUTION,False
1.3333,80,MH_VL_037,12.9788,80.2247,12.05,0.002683,0.005814,0.0,0.0,0.005814,0.005814,1.744,23.54,3.23,23.54,FLOODED,True
1.3333,80,MH_VL_038,12.9665,80.2117,0.002,1e-06,1e-06,5.9913,0.0,0.0,0.0,0.0,0.0,0.0,0.0,SAFE,False
1.3333,80,MH_VL_039,12.971,80.2267,1.703,0.001248,0.001248,0.862,0.14,0.0,0.0,0.0,0.04,0.0,0.04,SAFE,False
1.3333,80,MH_VL_040,12.9884,80.2243,0.001,1e-06,0.001263,0.0,0.0,0.001263,0.001263,0.379,0.01,0.13,0.13,SAFE,True
1.3333,80,MH_VL_041,12.9852,80.2148,0.018,8e-06,8e-06,1.2129,0.0,0.0,0.0,0.0,0.3,0.0,0.3,SAFE,False
1.3333,80,MH_VL_042,12.9756,80.2217,64.511,0.011935,0.011952,0.0,0.0,0.011952,0.011952,3.586,82.5,8.15,82.5,FLOODED,True
1.3333,80,MH_VL_043,12.9896,80.2125,0.0,0.0,2.2e-05,4.4582,0.0,0.0,0.0,0.0,0.0,0.0,0.0,SAFE,False
1.3333,80,MH_VL_044,12.9677,80.2148,0.16,5.9e-05,5.9e-05,2.9329,0.0,0.0,0.0,0.0,0.1,0.0,0.1,SAFE,False
1.3333,80,MH_VL_045,12.9696,80.2216,7.041,0.002611,0.002647,3.2312,0.08,0.0,0.0,0.0,25.07,0.0,25.07,FLOODED,True
1.3333,80,MH_VL_046,12.9864,80.2124,0.0,0.0,0.0,3.2114,0.0,0.0,0.0,0.0,0.01,0.0,0.01,SAFE,False
1.3333,80,MH_VL_047,12.9892,80.2332,0.0,0.0,0.003345,0.0,0.0,0.003345,0.003345,1.004,0.0,0.9,0.9,SAFE,True
1.3333,80,MH_VL_048,12.977,80.2316,2.684,0.000698,0.000698,1.2624,0.06,0.0,0.0,0.0,0.16,0.0,0.16,SAFE,False
1.3333,80,MH_VL_049,12.9896,80.2166,0.0,0.0,0.0,5.3659,0.0,0.0,0.0,0.0,0.0,0.0,0.0,SAFE,False
1.3333,80,MH_VL_050,12.9889,80.2349,0.0,0.0,0.0,0.0,0.0,0.0,0.0,0.0,0.0,0.0,0.0,SAFE,True
1.4167,85,MH_VL_001,12.981,80.2106,0.016,5e-06,5e-06,0.427,0.0,0.0,0.0,0.0,0.02,0.0,0.02,SAFE,False
1.4167,85,MH_VL_002,12.9834,80.2269,1.131,0.000303,0.000308,0.0,0.0,0.000308,0.000308,0.093,3.47,0.15,3.47,SAFE,True
1.4167,85,MH_VL_003,12.9658,80.2123,0.002,1e-06,1e-06,1.0287,0.0,0.0,0.0,0.0,0.01,0.0,0.01,SAFE,False
1.4167,85,MH_VL_004,12.979,80.2279,7.819,0.002757,0.006301,0.0,0.0,0.006301,0.006301,1.89,73.59,2.63,73.59,FLOODED,True
1.4167,85,MH_VL_005,12.9762,80.217,27.937,0.007203,0.007203,0.4434,1.62,0.0,0.0,0.0,78.84,0.0,78.84,FLOODED,True
1.4167,85,MH_VL_006,12.9735,80.2139,2.647,0.000694,0.000694,0.4845,0.14,0.0,0.0,0.0,14.37,0.0,14.37,CAUTION,False
1.4167,85,MH_VL_007,12.9674,80.2312,0.001,0.0,0.005224,0.0,0.0,0.005224,0.005224,1.567,0.0,1.91,1.91,SAFE,True
1.4167,85,MH_VL_008,12.9832,80.2234,0.899,0.000859,0.00453,0.1472,3.08,0.0,0.0,0.0,6.89,0.0,6.89,CAUTION,False
1.4167,85,MH_VL_009,12.9857,80.2255,0.033,1.6e-05,3e-05,0.0,0.0,3e-05,3e-05,0.009,0.58,0.01,0.58,SAFE,True
1.4167,85,MH_VL_010,12.9667,80.2265,0.062,1.6e-05,2.5e-05,0.4161,0.01,0.0,0.0,0.0,0.03,0.0,0.03,SAFE,False
1.4167,85,MH_VL_011,12.9867,80.2195,0.017,2.2e-05,2.2e-05,0.2991,0.01,0.0,0.0,0.0,0.09,0.0,0.09,SAFE,False
1.4167,85,MH_VL_012,12.9739,80.2268,5.414,0.002165,0.002177,0.186,1.17,0.0,0.0,0.0,3.05,0.0,3.05,SAFE,False
1.4167,85,MH_VL_013,12.9802,80.2143,1.125,0.000281,0.000281,0.4145,0.07,0.0,0.0,0.0,10.13,0.0,10.13,CAUTION,False
1.4167,85,MH_VL_014,12.9745,80.2347,0.015,6e-06,0.01126,0.0,0.0,0.01126,0.01126,3.378,0.01,3.75,3.75,SAFE,True
1.4167,85,MH_VL_015,12.9821,80.2311,7.946,0.00227,0.010972,0.1284,8.55,0.0,0.0,0.0,4.43,0.0,4.43,SAFE,False
1.4167,85,MH_VL_016,12.9851,80.22,0.163,4.5e-05,4.5e-05,0.5398,0.01,0.0,0.0,0.0,1.97,0.0,1.97,SAFE,False
1.4167,85,MH_VL_017,12.9792,80.2279,8.212,0.00648,0.006526,0.5421,1.2,0.0,0.0,0.0,6.31,0.0,6.31,CAUTION,False
1.4167,85,MH_VL_018,12.9871,80.2261,0.005,3e-06,3e-06,0.4969,0.0,0.0,0.0,0.0,0.0,0.0,0.0,SAFE,False
1.4167,85,MH_VL_019,12.9836,80.2235,0.55,0.000201,0.005283,0.0,0.0,0.005283,0.005283,1.585,2.47,2.11,2.47,SAFE,True
1.4167,85,MH_VL_020,12.9796,80.219,18.84,0.013536,0.013536,1.4753,0.92,0.0,0.0,0.0,67.41,0.0,67.41,FLOODED,True
1.4167,85,MH_VL_021,12.9839,80.2315,1.769,0.001372,0.010978,0.0,0.0,0.010978,0.010978,3.293,2.49,2.55,2.55,SAFE,True
1.4167,85,MH_VL_022,12.982,80.2249,1.619,0.002049,0.002049,0.8511,0.24,0.0,0.0,0.0,10.55,0.0,10.55,CAUTION,False
1.4167,85,MH_VL_023,12.9767,80.2163,17.842,0.004395,0.004395,1.0722,0.41,0.0,0.0,0.0,70.09,0.0,70.09,FLOODED,True
1.4167,85,MH_VL_024,12.9679,80.2321,0.0,0.0,0.005656,0.0,0.0,0.005656,0.005656,1.697,0.0,1.77,1.77,SAFE,True
1.4167,85,MH_VL_025,12.9723,80.214,1.952,0.000941,0.000941,1.9701,0.05,0.0,0.0,0.0,1.25,0.0,1.25,SAFE,False
1.4167,85,MH_VL_026,12.9716,80.2225,21.875,0.015696,0.015697,0.0,0.0,0.015697,0.015697,4.709,57.77,2.39,57.77,FLOODED,True
1.4167,85,MH_VL_027,12.9868,80.2175,0.008,3e-06,3e-06,0.6562,0.0,0.0,0.0,0.0,0.02,0.0,0.02,SAFE,False
1.4167,85,MH_VL_028,12.9688,80.2291,0.044,1.7e-05,0.005793,0.0,0.0,0.005793,0.005793,1.738,0.02,1.61,1.61,SAFE,True
1.4167,85,MH_VL_029,12.98,80.2222,15.186,0.005147,0.005195,0.4247,1.22,0.0,0.0,0.0,3.05,0.0,3.05,SAFE,False
1.4167,85,MH_VL_030,12.9858,80.2177,0.037,1.1e-05,4.8e-05,0.0,0.0,4.8e-05,4.8e-05,0.014,0.08,0.02,0.08,SAFE,True
1.4167,85,MH_VL_031,12.9887,80.2121,0.0,0.0,8.5e-05,1.1871,0.01,0.0,0.0,0.0,0.0,0.0,0.0,SAFE,False
1.4167,85,MH_VL_032,12.9783,80.2131,0.918,0.000302,0.000302,1.1386,0.03,0.0,0.0,0.0,10.99,0.0,10.99,CAUTION,False
1.4167,85,MH_VL_033,12.9691,80.2232,3.395,0.001234,0.001234,0.7546,0.16,0.0,0.0,0.0,1.43,0.0,1.43,SAFE,False
1.4167,85,MH_VL_034,12.9882,80.2289,0.002,1e-06,0.007006,0.0,0.0,0.007006,0.007006,2.102,0.05,3.62,3.62,SAFE,True
1.4167,85,MH_VL_035,12.975,80.2268,6.281,0.002582,0.005772,0.5575,1.04,0.0,0.0,0.0,1.16,0.0,1.16,SAFE,False
1.4167,85,MH_VL_036,12.9763,80.2162,17.835,0.005868,0.005868,3.8254,0.15,0.0,0.0,0.0,10.26,0.0,10.26,CAUTION,False
1.4167,85,MH_VL_037,12.9788,80.2247,12.537,0.002791,0.005686,0.0,0.0,0.005686,0.005686,1.706,26.62,3.16,26.62,FLOODED,True
1.4167,85,MH_VL_038,12.9665,80.2117,0.002,1e-06,1e-06,5.9913,0.0,0.0,0.0,0.0,0.0,0.0,0.0,SAFE,False
1.4167,85,MH_VL_039,12.971,80.2267,1.934,0.001418,0.001418,0.862,0.16,0.0,0.0,0.0,0.04,0.0,0.04,SAFE,False
1.4167,85,MH_VL_040,12.9884,80.2243,0.001,1e-06,0.001431,0.0,0.0,0.001431,0.001431,0.429,0.01,0.15,0.15,SAFE,True
1.4167,85,MH_VL_041,12.9852,80.2148,0.015,7e-06,7e-06,1.2129,0.0,0.0,0.0,0.0,0.33,0.0,0.33,SAFE,False
1.4167,85,MH_VL_042,12.9756,80.2217,65.546,0.012126,0.012142,0.0,0.0,0.012142,0.012142,3.643,84.3,8.28,84.3,FLOODED,True
1.4167,85,MH_VL_043,12.9896,80.2125,0.0,0.0,2.1e-05,4.4582,0.0,0.0,0.0,0.0,0.0,0.0,0.0,SAFE,False
1.4167,85,MH_VL_044,12.9677,80.2148,0.152,5.6e-05,5.6e-05,2.9329,0.0,0.0,0.0,0.0,0.1,0.0,0.1,SAFE,False
1.4167,85,MH_VL_045,12.9696,80.2216,7.425,0.002753,0.002788,3.2312,0.09,0.0,0.0,0.0,29.44,0.0,29.44,FLOODED,True
1.4167,85,MH_VL_046,12.9864,80.2124,0.0,0.0,0.0,3.2114,0.0,0.0,0.0,0.0,0.01,0.0,0.01,SAFE,False
1.4167,85,MH_VL_047,12.9892,80.2332,0.0,0.0,0.003556,0.0,0.0,0.003556,0.003556,1.067,0.0,0.96,0.96,SAFE,True
1.4167,85,MH_VL_048,12.977,80.2316,2.953,0.000768,0.000768,1.2624,0.06,0.0,0.0,0.0,0.17,0.0,0.17,SAFE,False
1.4167,85,MH_VL_049,12.9896,80.2166,0.0,0.0,0.0,5.3659,0.0,0.0,0.0,0.0,0.0,0.0,0.0,SAFE,False
1.4167,85,MH_VL_050,12.9889,80.2349,0.0,0.0,0.0,0.0,0.0,0.0,0.0,0.0,0.0,0.0,0.0,SAFE,True
1.5,90,MH_VL_001,12.981,80.2106,0.015,5e-06,5e-06,0.427,0.0,0.0,0.0,0.0,0.02,0.0,0.02,SAFE,False
1.5,90,MH_VL_002,12.9834,80.2269,0.992,0.000266,0.000271,0.0,0.0,0.000271,0.000271,0.081,3.65,0.13,3.65,SAFE,True
1.5,90,MH_VL_003,12.9658,80.2123,0.002,1e-06,1e-06,1.0287,0.0,0.0,0.0,0.0,0.01,0.0,0.01,SAFE,False
1.5,90,MH_VL_004,12.979,80.2279,7.544,0.002661,0.005978,0.0,0.0,0.005978,0.005978,1.793,74.21,2.49,74.21,FLOODED,True
1.5,90,MH_VL_005,12.9762,80.217,26.15,0.006742,0.006742,0.4434,1.52,0.0,0.0,0.0,78.85,0.0,78.85,FLOODED,True
1.5,90,MH_VL_006,12.9735,80.2139,2.395,0.000627,0.000627,0.4845,0.13,0.0,0.0,0.0,15.46,0.0,15.46,FLOODED,True
1.5,90,MH_VL_007,12.9674,80.2312,0.001,0.0,0.004915,0.0,0.0,0.004915,0.004915,1.475,0.0,1.8,1.8,SAFE,True
1.5,90,MH_VL_008,12.9832,80.2234,0.89,0.00085,0.004288,0.1472,2.91,0.0,0.0,0.0,7.83,0.0,7.83,CAUTION,False
1.5,90,MH_VL_009,12.9857,80.2255,0.03,1.4e-05,2.9e-05,0.0,0.0,2.9e-05,2.9e-05,0.009,0.61,0.01,0.61,SAFE,True
1.5,90,MH_VL_010,12.9667,80.2265,0.071,1.8e-05,2.6e-05,0.4161,0.01,0.0,0.0,0.0,0.04,0.0,0.04,SAFE,False
1.5,90,MH_VL_011,12.9867,80.2195,0.016,2e-05,2e-05,0.2991,0.01,0.0,0.0,0.0,0.09,0.0,0.09,SAFE,False
1.5,90,MH_VL_012,12.9739,80.2268,6.029,0.002411,0.002422,0.186,1.3,0.0,0.0,0.0,3.53,0.0,3.53,SAFE,False
1.5,90,MH_VL_013,12.9802,80.2143,0.982,0.000246,0.000246,0.4145,0.06,0.0,0.0,0.0,10.68,0.0,10.68,CAUTION,False
1.5,90,MH_VL_014,12.9745,80.2347,0.019,8e-06,0.011207,0.0,0.0,0.011207,0.011207,3.362,0.01,3.74,3.74,SAFE,True
1.5,90,MH_VL_015,12.9821,80.2311,7.985,0.002281,0.010954,0.1284,8.53,0.0,0.0,0.0,4.91,0.0,4.91,SAFE,False
1.5,90,MH_VL_016,12.9851,80.22,0.151,4.2e-05,4.2e-05,0.5398,0.01,0.0,0.0,0.0,2.2,0.0,2.2,SAFE,False
1.5,90,MH_VL_017,12.9792,80.2279,7.868,0.006209,0.006252,0.5421,1.15,0.0,0.0,0.0,6.39,0.0,6.39,CAUTION,False
1.5,90,MH_VL_018,12.9871,80.2261,0.004,3e-06,3e-06,0.4969,0.0,0.0,0.0,0.0,0.0,0.0,0.0,SAFE,False
1.5,90,MH_VL_019,12.9836,80.2235,0.542,0.000199,0.005005,0.0,0.0,0.005005,0.005005,1.501,2.75,2.0,2.75,SAFE,True
1.5,90,MH_VL_020,12.9796,80.219,17.816,0.012801,0.012801,1.4753,0.87,0.0,0.0,0.0,67.24,0.0,67.24,FLOODED,True
1.5,90,MH_VL_021,12.9839,80.2315,1.762,0.001367,0.010499,0.0,0.0,0.010499,0.010499,3.15,2.7,2.44,2.7,SAFE,True
1.5,90,MH_VL_022,12.982,80.2249,1.6,0.002025,0.002025,0.8511,0.24,0.0,0.0,0.0,11.12,0.0,11.12,CAUTION,False
1.5,90,MH_VL_023,12.9767,80.2163,16.449,0.004052,0.004052,1.0722,0.38,0.0,0.0,0.0,70.31,0.0,70.31,FLOODED,True
1.5,90,MH_VL_024,12.9679,80.2321,0.0,0.0,0.005271,0.0,0.0,0.005271,0.005271,1.581,0.0,1.65,1.65,SAFE,True
1.5,90,MH_VL_025,12.9723,80.214,1.782,0.000859,0.000859,1.9701,0.04,0.0,0.0,0.0,1.22,0.0,1.22,SAFE,False
1.5,90,MH_VL_026,12.9716,80.2225,23.056,0.016544,0.016545,0.0,0.0,0.016545,0.016545,4.963,66.54,2.52,66.54,FLOODED,True
1.5,90,MH_VL_027,12.9868,80.2175,0.007,3e-06,3e-06,0.6562,0.0,0.0,0.0,0.0,0.02,0.0,0.02,SAFE,False
1.5,90,MH_VL_028,12.9688,80.2291,0.053,2.1e-05,0.005708,0.0,0.0,0.005708,0.005708,1.713,0.02,1.59,1.59,SAFE,True
1.5,90,MH_VL_029,12.98,80.2222,15.094,0.005116,0.005157,0.4247,1.21,0.0,0.0,0.0,3.12,0.0,3.12,SAFE,False
1.5,90,MH_VL_030,12.9858,80.2177,0.033,1e-05,4.1e-05,0.0,0.0,4.1e-05,4.1e-05,0.012,0.08,0.02,0.08,SAFE,True
1.5,90,MH_VL_031,12.9887,80.2121,0.0,0.0,7.4e-05,1.1871,0.01,0.0,0.0,0.0,0.0,0.0,0.0,SAFE,False
1.5,90,MH_VL_032,12.9783,80.2131,0.795,0.000261,0.000261,1.1386,0.02,0.0,0.0,0.0,11.7,0.0,11.7,CAUTION,False
1.5,90,MH_VL_033,12.9691,80.2232,3.679,0.001337,0.001337,0.7546,0.18,0.0,0.0,0.0,1.67,0.0,1.67,SAFE,False
1.5,90,MH_VL_034,12.9882,80.2289,0.002,0.0,0.007118,0.0,0.0,0.007118,0.007118,2.135,0.05,3.68,3.68,SAFE,True
1.5,90,MH_VL_035,12.975,80.2268,6.933,0.00285,0.005781,0.5575,1.04,0.0,0.0,0.0,1.29,0.0,1.29,SAFE,False
1.5,90,MH_VL_036,12.9763,80.2162,16.457,0.005414,0.005414,3.8254,0.14,0.0,0.0,0.0,10.96,0.0,10.96,CAUTION,False
1.5,90,MH_VL_037,12.9788,80.2247,13.023,0.002899,0.005571,0.0,0.0,0.005571,0.005571,1.671,29.84,3.09,29.84,FLOODED,True
1.5,90,MH_VL_038,12.9665,80.2117,0.002,1e-06,1e-06,5.9913,0.0,0.0,0.0,0.0,0.0,0.0,0.0,SAFE,False
1.5,90,MH_VL_039,12.971,80.2267,2.192,0.001606,0.001606,0.862,0.19,0.0,0.0,0.0,0.05,0.0,0.05,SAFE,False
1.5,90,MH_VL_040,12.9884,80.2243,0.001,1e-06,0.001619,0.0,0.0,0.001619,0.001619,0.486,0.01,0.17,0.17,SAFE,True
1.5,90,MH_VL_041,12.9852,80.2148,0.013,6e-06,6e-06,1.2129,0.0,0.0,0.0,0.0,0.35,0.0,0.35,SAFE,False
1.5,90,MH_VL_042,12.9756,80.2217,66.444,0.012292,0.012307,0.0,0.0,0.012307,0.012307,3.692,86.04,8.39,86.04,FLOODED,True
1.5,90,MH_VL_043,12.9896,80.2125,0.0,0.0,2e-05,4.4582,0.0,0.0,0.0,0.0,0.0,0.0,0.0,SAFE,False
1.5,90,MH_VL_044,12.9677,80.2148,0.145,5.4e-05,5.4e-05,2.9329,0.0,0.0,0.0,0.0,0.11,0.0,0.11,SAFE,False
1.5,90,MH_VL_045,12.9696,80.2216,7.809,0.002896,0.002929,3.2312,0.09,0.0,0.0,0.0,34.26,0.0,34.26,FLOODED,True
1.5,90,MH_VL_046,12.9864,80.2124,0.0,0.0,0.0,3.2114,0.0,0.0,0.0,0.0,0.01,0.0,0.01,SAFE,False
1.5,90,MH_VL_047,12.9892,80.2332,0.0,0.0,0.003769,0.0,0.0,0.003769,0.003769,1.131,0.0,1.02,1.02,SAFE,True
1.5,90,MH_VL_048,12.977,80.2316,3.232,0.00084,0.00084,1.2624,0.07,0.0,0.0,0.0,0.19,0.0,0.19,SAFE,False
1.5,90,MH_VL_049,12.9896,80.2166,0.0,0.0,0.0,5.3659,0.0,0.0,0.0,0.0,0.0,0.0,0.0,SAFE,False
1.5,90,MH_VL_050,12.9889,80.2349,0.0,0.0,0.0,0.0,0.0,0.0,0.0,0.0,0.0,0.0,0.0,SAFE,True
1.5833,95,MH_VL_001,12.981,80.2106,0.015,5e-06,5e-06,0.427,0.0,0.0,0.0,0.0,0.01,0.0,0.01,SAFE,False
1.5833,95,MH_VL_002,12.9834,80.2269,0.871,0.000233,0.000238,0.0,0.0,0.000238,0.000238,0.072,3.81,0.12,3.81,SAFE,True
1.5833,95,MH_VL_003,12.9658,80.2123,0.002,1e-06,1e-06,1.0287,0.0,0.0,0.0,0.0,0.01,0.0,0.01,SAFE,False
1.5833,95,MH_VL_004,12.979,80.2279,7.269,0.002563,0.005661,0.0,0.0,0.005661,0.005661,1.698,74.7,2.36,74.7,FLOODED,True
1.5833,95,MH_VL_005,12.9762,80.217,24.418,0.006296,0.006296,0.4434,1.42,0.0,0.0,0.0,78.67,0.0,78.67,FLOODED,True
1.5833,95,MH_VL_006,12.9735,80.2139,2.162,0.000566,0.000566,0.4845,0.12,0.0,0.0,0.0,16.5,0.0,16.5,FLOODED,True
1.5833,95,MH_VL_007,12.9674,80.2312,0.001,0.0,0.004619,0.0,0.0,0.004619,0.004619,1.386,0.0,1.69,1.69,SAFE,True
1.5833,95,MH_VL_008,12.9832,80.2234,0.88,0.000841,0.004052,0.1472,2.75,0.0,0.0,0.0,8.83,0.0,8.83,CAUTION,False
1.5833,95,MH_VL_009,12.9857,80.2255,0.028,1.3e-05,2.9e-05,0.0,0.0,2.9e-05,2.9e-05,0.009,0.63,0.01,0.63,SAFE,True
1.5833,95,MH_VL_010,12.9667,80.2265,0.083,2.1e-05,2.9e-05,0.4161,0.01,0.0,0.0,0.0,0.04,0.0,0.04,SAFE,False
1.5833,95,MH_VL_011,12.9867,80.2195,0.014,1.8e-05,1.8e-05,0.2991,0.01,0.0,0.0,0.0,0.1,0.0,0.1,SAFE,False
1.5833,95,MH_VL_012,12.9739,80.2268,6.698,0.002678,0.002688,0.186,1.45,0.0,0.0,0.0,4.07,0.0,4.07,SAFE,False
1.5833,95,MH_VL_013,12.9802,80.2143,0.855,0.000214,0.000214,0.4145,0.05,0.0,0.0,0.0,11.18,0.0,11.18,CAUTION,False
1.5833,95,MH_VL_014,12.9745,80.2347,0.024,9e-06,0.011171,0.0,0.0,0.011171,0.011171,3.351,0.01,3.72,3.72,SAFE,True
1.5833,95,MH_VL_015,12.9821,80.2311,7.986,0.002281,0.010947,0.1284,8.53,0.0,0.0,0.0,5.38,0.0,5.38,CAUTION,False
1.5833,95,MH_VL_016,12.9851,80.22,0.14,3.9e-05,3.9e-05,0.5398,0.01,0.0,0.0,0.0,2.44,0.0,2.44,SAFE,False
1.5833,95,MH_VL_017,12.9792,80.2279,7.525,0.005938,0.005978,0.5421,1.1,0.0,0.0,0.0,6.41,0.0,6.41,CAUTION,False
1.5833,95,MH_VL_018,12.9871,80.2261,0.004,2e-06,2e-06,0.4969,0.0,0.0,0.0,0.0,0.0,0.0,0.0,SAFE,False
1.5833,95,MH_VL_019,12.9836,80.2235,0.535,0.000196,0.004731,0.0,0.0,0.004731,0.004731,1.419,3.04,1.89,3.04,SAFE,True
1.5833,95,MH_VL_020,12.9796,80.219,16.811,0.012079,0.012079,1.4753,0.82,0.0,0.0,0.0,67.04,0.0,67.04,FLOODED,True
1.5833,95,MH_VL_021,12.9839,80.2315,1.748,0.001356,0.010029,0.0,0.0,0.010029,0.010029,3.009,2.91,2.33,2.91,SAFE,True
1.5833,95,MH_VL_022,12.982,80.2249,1.588,0.00201,0.00201,0.8511,0.24,0.0,0.0,0.0,11.66,0.0,11.66,CAUTION,False
1.5833,95,MH_VL_023,12.9767,80.2163,15.129,0.003727,0.003727,1.0722,0.35,0.0,0.0,0.0,70.4,0.0,70.4,FLOODED,True
1.5833,95,MH_VL_024,12.9679,80.2321,0.001,0.0,0.00491,0.0,0.0,0.00491,0.00491,1.473,0.0,1.53,1.53,SAFE,True
1.5833,95,MH_VL_025,12.9723,80.214,1.623,0.000782,0.000782,1.9701,0.04,0.0,0.0,0.0,1.17,0.0,1.17,SAFE,False
1.5833,95,MH_VL_026,12.9716,80.2225,24.246,0.017398,0.017398,0.0,0.0,0.017398,0.017398,5.219,69.48,2.65,69.48,FLOODED,True
1.5833,95,MH_VL_027,12.9868,80.2175,0.006,2e-06,2e-06,0.6562,0.0,0.0,0.0,0.0,0.02,0.0,0.02,SAFE,False
1.5833,95,MH_VL_028,12.9688,80.2291,0.063,2.5e-05,0.005618,0.0,0.0,0.005618,0.005618,1.685,0.03,1.56,1.56,SAFE,True
1.5833,95,MH_VL_029,12.98,80.2222,14.971,0.005074,0.00511,0.4247,1.2,0.0,0.0,0.0,3.16,0.0,3.16,SAFE,False
1.5833,95,MH_VL_030,12.9858,80.2177,0.03,9e-06,3.6e-05,0.0,0.0,3.6e-05,3.6e-05,0.011,0.08,0.01,0.08,SAFE,True
1.5833,95,MH_VL_031,12.9887,80.2121,0.0,0.0,6.3e-05,1.1871,0.01,0.0,0.0,0.0,0.0,0.0,0.0,SAFE,False
1.5833,95,MH_VL_032,12.9783,80.2131,0.686,0.000226,0.000226,1.1386,0.02,0.0,0.0,0.0,12.35,0.0,12.35,CAUTION,False
1.5833,95,MH_VL_033,12.9691,80.2232,3.979,0.001446,0.001446,0.7546,0.19,0.0,0.0,0.0,1.93,0.0,1.93,SAFE,False
1.5833,95,MH_VL_034,12.9882,80.2289,0.002,0.0,0.007273,0.0,0.0,0.007273,0.007273,2.182,0.06,3.76,3.76,SAFE,True
1.5833,95,MH_VL_035,12.975,80.2268,7.637,0.003139,0.005826,0.5575,1.05,0.0,0.0,0.0,1.42,0.0,1.42,SAFE,False
1.5833,95,MH_VL_036,12.9763,80.2162,15.149,0.004984,0.004984,3.8254,0.13,0.0,0.0,0.0,11.59,0.0,11.59,CAUTION,False
1.5833,95,MH_VL_037,12.9788,80.2247,13.506,0.003007,0.005466,0.0,0.0,0.005466,0.005466,1.64,33.21,3.04,33.21,FLOODED,True
1.5833,95,MH_VL_038,12.9665,80.2117,0.002,1e-06,1e-06,5.9913,0.0,0.0,0.0,0.0,0.0,0.0,0.0,SAFE,False
1.5833,95,MH_VL_039,12.971,80.2267,2.478,0.001816,0.001816,0.862,0.21,0.0,0.0,0.0,0.05,0.0,0.05,SAFE,False
1.5833,95,MH_VL_040,12.9884,80.2243,0.001,1e-06,0.001829,0.0,0.0,0.001829,0.001829,0.549,0.01,0.19,0.19,SAFE,True
1.5833,95,MH_VL_041,12.9852,80.2148,0.011,5e-06,5e-06,1.2129,0.0,0.0,0.0,0.0,0.37,0.0,0.37,SAFE,False
1.5833,95,MH_VL_042,12.9756,80.2217,67.183,0.012429,0.012442,0.0,0.0,0.012442,0.012442,3.733,87.7,8.48,87.7,FLOODED,True
1.5833,95,MH_VL_043,12.9896,80.2125,0.0,0.0,1.9e-05,4.4582,0.0,0.0,0.0,0.0,0.0,0.0,0.0,SAFE,False
1.5833,95,MH_VL_044,12.9677,80.2148,0.138,5.1e-05,5.1e-05,2.9329,0.0,0.0,0.0,0.0,0.12,0.0,0.12,SAFE,False
1.5833,95,MH_VL_045,12.9696,80.2216,8.197,0.00304,0.003071,3.2312,0.1,0.0,0.0,0.0,39.52,0.0,39.52,FLOODED,True
1.5833,95,MH_VL_046,12.9864,80.2124,0.0,0.0,0.0,3.2114,0.0,0.0,0.0,0.0,0.01,0.0,0.01,SAFE,False
1.5833,95,MH_VL_047,12.9892,80.2332,0.0,0.0,0.003987,0.0,0.0,0.003987,0.003987,1.196,0.0,1.08,1.08,SAFE,True
1.5833,95,MH_VL_048,12.977,80.2316,3.522,0.000916,0.000916,1.2624,0.07,0.0,0.0,0.0,0.21,0.0,0.21,SAFE,False
1.5833,95,MH_VL_049,12.9896,80.2166,0.0,0.0,0.0,5.3659,0.0,0.0,0.0,0.0,0.0,0.0,0.0,SAFE,False
1.5833,95,MH_VL_050,12.9889,80.2349,0.0,0.0,0.0,0.0,0.0,0.0,0.0,0.0,0.0,0.0,0.0,SAFE,True
1.6667,100,MH_VL_001,12.981,80.2106,0.014,5e-06,5e-06,0.427,0.0,0.0,0.0,0.0,0.01,0.0,0.01,SAFE,False
1.6667,100,MH_VL_002,12.9834,80.2269,0.763,0.000204,0.000209,0.0,0.0,0.000209,0.000209,0.063,3.96,0.1,3.96,SAFE,True
1.6667,100,MH_VL_003,12.9658,80.2123,0.002,1e-06,1e-06,1.0287,0.0,0.0,0.0,0.0,0.01,0.0,0.01,SAFE,False
1.6667,100,MH_VL_004,12.979,80.2279,6.997,0.002468,0.005353,0.0,0.0,0.005353,0.005353,1.606,75.06,2.23,75.06,FLOODED,True
1.6667,100,MH_VL_005,12.9762,80.217,22.747,0.005865,0.005865,0.4434,1.32,0.0,0.0,0.0,78.32,0.0,78.32,FLOODED,True
1.6667,100,MH_VL_006,12.9735,80.2139,1.946,0.00051,0.00051,0.4845,0.11,0.0,0.0,0.0,17.49,0.0,17.49,FLOODED,True
1.6667,100,MH_VL_007,12.9674,80.2312,0.002,1e-06,0.004332,0.0,0.0,0.004332,0.004332,1.3,0.0,1.58,1.58,SAFE,True
1.6667,100,MH_VL_008,12.9832,80.2234,0.867,0.000828,0.003822,0.1472,2.6,0.0,0.0,0.0,9.87,0.0,9.87,CAUTION,False
1.6667,100,MH_VL_009,12.9857,80.2255,0.026,1.2e-05,2.9e-05,0.0,0.0,2.9e-05,2.9e-05,0.009,0.64,0.01,0.64,SAFE,True
1.6667,100,MH_VL_010,12.9667,80.2265,0.095,2.4e-05,3.1e-05,0.4161,0.01,0.0,0.0,0.0,0.05,0.0,0.05,SAFE,False
1.6667,100,MH_VL_011,12.9867,80.2195,0.013,1.6e-05,1.6e-05,0.2991,0.01,0.0,0.0,0.0,0.1,0.0,0.1,SAFE,False
1.6667,100,MH_VL_012,12.9739,80.2268,7.422,0.002967,0.002977,0.186,1.6,0.0,0.0,0.0,4.67,0.0,4.67,SAFE,False
1.6667,100,MH_VL_013,12.9802,80.2143,0.742,0.000186,0.000186,0.4145,0.04,0.0,0.0,0.0,11.63,0.0,11.63,CAUTION,False
1.6667,100,MH_VL_014,12.9745,80.2347,0.029,1.2e-05,0.011153,0.0,0.0,0.011153,0.011153,3.346,0.02,3.72,3.72,SAFE,True
1.6667,100,MH_VL_015,12.9821,80.2311,7.95,0.002271,0.010956,0.1284,8.53,0.0,0.0,0.0,5.82,0.0,5.82,CAUTION,False
1.6667,100,MH_VL_016,12.9851,80.22,0.129,3.6e-05,3.6e-05,0.5398,0.01,0.0,0.0,0.0,2.67,0.0,2.67,SAFE,False
1.6667,100,MH_VL_017,12.9792,80.2279,7.188,0.005672,0.005709,0.5421,1.05,0.0,0.0,0.0,6.44,0.0,6.44,CAUTION,False
1.6667,100,MH_VL_018,12.9871,80.2261,0.003,2e-06,2e-06,0.4969,0.0,0.0,0.0,0.0,0.0,0.0,0.0,SAFE,False
1.6667,100,MH_VL_019,12.9836,80.2235,0.526,0.000193,0.004461,0.0,0.0,0.004461,0.004461,1.338,3.33,1.78,3.33,SAFE,True
1.6667,100,MH_VL_020,12.9796,80.219,15.822,0.011368,0.011368,1.4753,0.77,0.0,0.0,0.0,66.81,0.0,66.81,FLOODED,True
1.6667,100,MH_VL_021,12.9839,80.2315,1.724,0.001337,0.00956,0.0,0.0,0.00956,0.00956,2.868,3.13,2.22,3.13,SAFE,True
1.6667,100,MH_VL_022,12.982,80.2249,1.579,0.001998,0.001998,0.8511,0.23,0.0,0.0,0.0,12.19,0.0,12.19,CAUTION,False
1.6667,100,MH_VL_023,12.9767,80.2163,13.879,0.003419,0.003419,1.0722,0.32,0.0,0.0,0.0,70.38,0.0,70.38,FLOODED,True
1.6667,100,MH_VL_024,12.9679,80.2321,0.001,0.0,0.004569,0.0,0.0,0.004569,0.004569,1.371,0.0,1.43,1.43,SAFE,True
1.6667,100,MH_VL_025,12.9723,80.214,1.473,0.00071,0.00071,1.9701,0.04,0.0,0.0,0.0,1.12,0.0,1.12,SAFE,False
1.6667,100,MH_VL_026,12.9716,80.2225,25.436,0.018251,0.018252,0.0,0.0,0.018252,0.018252,5.476,70.18,2.78,70.18,FLOODED,True
1.6667,100,MH_VL_027,12.9868,80.2175,0.006,2e-06,2e-06,0.6562,0.0,0.0,0.0,0.0,0.02,0.0,0.02,SAFE,False
1.6667,100,MH_VL_028,12.9688,80.2291,0.075,2.9e-05,0.005518,0.0,0.0,0.005518,0.005518,1.655,0.04,1.53,1.53,SAFE,True
1.6667,100,MH_VL_029,12.98,80.2222,14.81,0.005019,0.00505,0.4247,1.19,0.0,0.0,0.0,3.19,0.0,3.19,SAFE,False
1.6667,100,MH_VL_030,12.9858,80.2177,0.026,8e-06,3.1e-05,0.0,0.0,3.1e-05,3.1e-05,0.009,0.08,0.01,0.08,SAFE,True
1.6667,100,MH_VL_031,12.9887,80.2121,0.0,0.0,5.5e-05,1.1871,0.0,0.0,0.0,0.0,0.0,0.0,0.0,SAFE,False
1.6667,100,MH_VL_032,12.9783,80.2131,0.591,0.000194,0.000194,1.1386,0.02,0.0,0.0,0.0,12.94,0.0,12.94,CAUTION,False
1.6667,100,MH_VL_033,12.9691,80.2232,4.29,0.001559,0.001559,0.7546,0.21,0.0,0.0,0.0,2.22,0.0,2.22,SAFE,False
1.6667,100,MH_VL_034,12.9882,80.2289,0.001,0.0,0.007467,0.0,0.0,0.007467,0.007467,2.24,0.06,3.86,3.86,SAFE,True
1.6667,100,MH_VL_035,12.975,80.2268,8.391,0.003449,0.005907,0.5575,1.06,0.0,0.0,0.0,1.57,0.0,1.57,SAFE,False
1.6667,100,MH_VL_036,12.9763,80.2162,13.909,0.004576,0.004576,3.8254,0.12,0.0,0.0,0.0,12.15,0.0,12.15,CAUTION,False
1.6667,100,MH_VL_037,12.9788,80.2247,13.977,0.003112,0.00537,0.0,0.0,0.00537,0.00537,1.611,36.72,2.98,36.72,FLOODED,True
1.6667,100,MH_VL_038,12.9665,80.2117,0.002,1e-06,1e-06,5.9913,0.0,0.0,0.0,0.0,0.0,0.0,0.0,SAFE,False
1.6667,100,MH_VL_039,12.971,80.2267,2.794,0.002047,0.002047,0.862,0.24,0.0,0.0,0.0,0.06,0.0,0.06,SAFE,False
1.6667,100,MH_VL_040,12.9884,80.2243,0.001,1e-06,0.002059,0.0,0.0,0.002059,0.002059,0.618,0.01,0.21,0.21,SAFE,True
1.6667,100,MH_VL_041,12.9852,80.2148,0.009,4e-06,4e-06,1.2129,0.0,0.0,0.0,0.0,0.4,0.0,0.4,SAFE,False
1.6667,100,MH_VL_042,12.9756,80.2217,67.793,0.012542,0.012554,0.0,0.0,0.012554,0.012554,3.766,89.29,8.56,89.29,FLOODED,True
1.6667,100,MH_VL_043,12.9896,80.2125,0.0,0.0,1.8e-05,4.4582,0.0,0.0,0.0,0.0,0.0,0.0,0.0,SAFE,False
1.6667,100,MH_VL_044,12.9677,80.2148,0.131,4.8e-05,4.8e-05,2.9329,0.0,0.0,0.0,0.0,0.12,0.0,0.12,SAFE,False
1.6667,100,MH_VL_045,12.9696,80.2216,8.58,0.003182,0.003212,3.2312,0.1,0.0,0.0,0.0,45.24,0.0,45.24,FLOODED,True
1.6667,100,MH_VL_046,12.9864,80.2124,0.0,0.0,0.0,3.2114,0.0,0.0,0.0,0.0,0.02,0.0,0.02,SAFE,False
1.6667,100,MH_VL_047,12.9892,80.2332,0.0,0.0,0.004205,0.0,0.0,0.004205,0.004205,1.261,0.0,1.14,1.14,SAFE,True
1.6667,100,MH_VL_048,12.977,80.2316,3.819,0.000993,0.000993,1.2624,0.08,0.0,0.0,0.0,0.23,0.0,0.23,SAFE,False
1.6667,100,MH_VL_049,12.9896,80.2166,0.0,0.0,0.0,5.3659,0.0,0.0,0.0,0.0,0.0,0.0,0.0,SAFE,False
1.6667,100,MH_VL_050,12.9889,80.2349,0.0,0.0,0.0,0.0,0.0,0.0,0.0,0.0,0.0,0.0,0.0,SAFE,True
1.75,105,MH_VL_001,12.981,80.2106,0.014,4e-06,4e-06,0.427,0.0,0.0,0.0,0.0,0.01,0.0,0.01,SAFE,False
1.75,105,MH_VL_002,12.9834,80.2269,0.67,0.000179,0.000184,0.0,0.0,0.000184,0.000184,0.055,4.09,0.09,4.09,SAFE,True
1.75,105,MH_VL_003,12.9658,80.2123,0.001,1e-06,1e-06,1.0287,0.0,0.0,0.0,0.0,0.01,0.0,0.01,SAFE,False
1.75,105,MH_VL_004,12.979,80.2279,6.736,0.002376,0.005057,0.0,0.0,0.005057,0.005057,1.517,75.29,2.11,75.29,FLOODED,True
1.75,105,MH_VL_005,12.9762,80.217,21.141,0.005451,0.005451,0.4434,1.23,0.0,0.0,0.0,77.83,0.0,77.83,FLOODED,True
1.75,105,MH_VL_006,12.9735,80.2139,1.749,0.000458,0.000458,0.4845,0.09,0.0,0.0,0.0,18.42,0.0,18.42,FLOODED,True
1.75,105,MH_VL_007,12.9674,80.2312,0.002,1e-06,0.00406,0.0,0.0,0.00406,0.00406,1.218,0.0,1.49,1.49,SAFE,True
1.75,105,MH_VL_008,12.9832,80.2234,0.854,0.000816,0.003601,0.1472,2.45,0.0,0.0,0.0,10.97,0.0,10.97,CAUTION,False
1.75,105,MH_VL_009,12.9857,80.2255,0.024,1.1e-05,3e-05,0.0,0.0,3e-05,3e-05,0.009,0.66,0.01,0.66,SAFE,True
1.75,105,MH_VL_010,12.9667,80.2265,0.11,2.8e-05,3.4e-05,0.4161,0.01,0.0,0.0,0.0,0.06,0.0,0.06,SAFE,False
1.75,105,MH_VL_011,12.9867,80.2195,0.012,1.5e-05,1.5e-05,0.2991,0.0,0.0,0.0,0.0,0.11,0.0,0.11,SAFE,False
1.75,105,MH_VL_012,12.9739,80.2268,8.21,0.003282,0.003291,0.186,1.77,0.0,0.0,0.0,5.33,0.0,5.33,CAUTION,False
1.75,105,MH_VL_013,12.9802,80.2143,0.644,0.000161,0.000161,0.4145,0.04,0.0,0.0,0.0,12.03,0.0,12.03,CAUTION,False
1.75,105,MH_VL_014,12.9745,80.2347,0.036,1.4e-05,0.011164,0.0,0.0,0.011164,0.011164,3.349,0.02,3.72,3.72,SAFE,True
1.75,105,MH_VL_015,12.9821,80.2311,7.873,0.002249,0.010989,0.1284,8.56,0.0,0.0,0.0,6.24,0.0,6.24,CAUTION,False
1.75,105,MH_VL_016,12.9851,80.22,0.119,3.3e-05,3.3e-05,0.5398,0.01,0.0,0.0,0.0,2.89,0.0,2.89,SAFE,False
1.75,105,MH_VL_017,12.9792,80.2279,6.863,0.005415,0.005449,0.5421,1.01,0.0,0.0,0.0,6.45,0.0,6.45,CAUTION,False
1.75,105,MH_VL_018,12.9871,80.2261,0.003,2e-06,2e-06,0.4969,0.0,0.0,0.0,0.0,0.0,0.0,0.0,SAFE,False
1.75,105,MH_VL_019,12.9836,80.2235,0.518,0.00019,0.004198,0.0,0.0,0.004198,0.004198,1.259,3.63,1.68,3.63,SAFE,True
1.75,105,MH_VL_020,12.9796,80.219,14.86,0.010677,0.010677,1.4753,0.72,0.0,0.0,0.0,66.57,0.0,66.57,FLOODED,True
1.75,105,MH_VL_021,12.9839,80.2315,1.694,0.001314,0.009102,0.0,0.0,0.009102,0.009102,2.731,3.34,2.12,3.34,SAFE,True
1.75,105,MH_VL_022,12.982,80.2249,1.576,0.001995,0.001995,0.8511,0.23,0.0,0.0,0.0,12.7,0.0,12.7,CAUTION,False
1.75,105,MH_VL_023,12.9767,80.2163,12.707,0.00313,0.00313,1.0722,0.29,0.0,0.0,0.0,70.26,0.0,70.26,FLOODED,True
1.75,105,MH_VL_024,12.9679,80.2321,0.001,0.0,0.004254,0.0,0.0,0.004254,0.004254,1.276,0.0,1.33,1.33,SAFE,True
1.75,105,MH_VL_025,12.9723,80.214,1.336,0.000644,0.000644,1.9701,0.03,0.0,0.0,0.0,1.06,0.0,1.06,SAFE,False
1.75,105,MH_VL_026,12.9716,80.2225,26.621,0.019102,0.019102,0.0,0.0,0.019102,0.019102,5.731,70.88,2.91,70.88,FLOODED,True
1.75,105,MH_VL_027,12.9868,80.2175,0.005,2e-06,2e-06,0.6562,0.0,0.0,0.0,0.0,0.02,0.0,0.02,SAFE,False
1.75,105,MH_VL_028,12.9688,80.2291,0.089,3.5e-05,0.005414,0.0,0.0,0.005414,0.005414,1.624,0.04,1.5,1.5,SAFE,True
1.75,105,MH_VL_029,12.98,80.2222,14.621,0.004955,0.004982,0.4247,1.17,0.0,0.0,0.0,3.2,0.0,3.2,SAFE,False
1.75,105,MH_VL_030,12.9858,80.2177,0.023,7e-06,2.7e-05,0.0,0.0,2.7e-05,2.7e-05,0.008,0.08,0.01,0.08,SAFE,True
1.75,105,MH_VL_031,12.9887,80.2121,0.0,0.0,4.7e-05,1.1871,0.0,0.0,0.0,0.0,0.0,0.0,0.0,SAFE,False
1.75,105,MH_VL_032,12.9783,80.2131,0.508,0.000167,0.000167,1.1386,0.01,0.0,0.0,0.0,13.46,0.0,13.46,CAUTION,False
1.75,105,MH_VL_033,12.9691,80.2232,4.619,0.001679,0.001679,0.7546,0.22,0.0,0.0,0.0,2.54,0.0,2.54,SAFE,False
1.75,105,MH_VL_034,12.9882,80.2289,0.001,0.0,0.007707,0.0,0.0,0.007707,0.007707,2.312,0.06,3.99,3.99,SAFE,True
1.75,105,MH_VL_035,12.975,80.2268,9.206,0.003784,0.006028,0.5575,1.08,0.0,0.0,0.0,1.74,0.0,1.74,SAFE,False
1.75,105,MH_VL_036,12.9763,80.2162,12.744,0.004193,0.004193,3.8254,0.11,0.0,0.0,0.0,12.6,0.0,12.6,CAUTION,False
1.75,105,MH_VL_037,12.9788,80.2247,14.443,0.003216,0.005284,0.0,0.0,0.005284,0.005284,1.585,40.37,2.94,40.37,FLOODED,True
1.75,105,MH_VL_038,12.9665,80.2117,0.002,1e-06,1e-06,5.9913,0.0,0.0,0.0,0.0,0.0,0.0,0.0,SAFE,False
1.75,105,MH_VL_039,12.971,80.2267,3.145,0.002305,0.002305,0.862,0.27,0.0,0.0,0.0,0.07,0.0,0.07,SAFE,False
1.75,105,MH_VL_040,12.9884,80.2243,0.001,1e-06,0.002316,0.0,0.0,0.002316,0.002316,0.695,0.01,0.24,0.24,SAFE,True
1.75,105,MH_VL_041,12.9852,80.2148,0.008,4e-06,4e-06,1.2129,0.0,0.0,0.0,0.0,0.42,0.0,0.42,SAFE,False
1.75,105,MH_VL_042,12.9756,80.2217,68.214,0.01262,0.01263,0.0,0.0,0.01263,0.01263,3.789,90.79,8.61,90.79,FLOODED,True
1.75,105,MH_VL_043,12.9896,80.2125,0.0,0.0,1.7e-05,4.4582,0.0,0.0,0.0,0.0,0.0,0.0,0.0,SAFE,False
1.75,105,MH_VL_044,12.9677,80.2148,0.124,4.6e-05,4.6e-05,2.9329,0.0,0.0,0.0,0.0,0.13,0.0,0.13,SAFE,False
1.75,105,MH_VL_045,12.9696,80.2216,8.965,0.003324,0.003353,3.2312,0.1,0.0,0.0,0.0,51.42,0.0,51.42,FLOODED,True
1.75,105,MH_VL_046,12.9864,80.2124,0.0,0.0,0.0,3.2114,0.0,0.0,0.0,0.0,0.02,0.0,0.02,SAFE,False
1.75,105,MH_VL_047,12.9892,80.2332,0.0,0.0,0.004425,0.0,0.0,0.004425,0.004425,1.327,0.0,1.2,1.2,SAFE,True
1.75,105,MH_VL_048,12.977,80.2316,4.123,0.001072,0.001072,1.2624,0.08,0.0,0.0,0.0,0.25,0.0,0.25,SAFE,False
1.75,105,MH_VL_049,12.9896,80.2166,0.0,0.0,0.0,5.3659,0.0,0.0,0.0,0.0,0.0,0.0,0.0,SAFE,False
1.75,105,MH_VL_050,12.9889,80.2349,0.0,0.0,0.0,0.0,0.0,0.0,0.0,0.0,0.0,0.0,0.0,SAFE,True
1.8333,110,MH_VL_001,12.981,80.2106,0.013,4e-06,4e-06,0.427,0.0,0.0,0.0,0.0,0.01,0.0,0.01,SAFE,False
1.8333,110,MH_VL_002,12.9834,80.2269,0.589,0.000158,0.000162,0.0,0.0,0.000162,0.000162,0.049,4.21,0.08,4.21,SAFE,True
1.8333,110,MH_VL_003,12.9658,80.2123,0.001,1e-06,1e-06,1.0287,0.0,0.0,0.0,0.0,0.01,0.0,0.01,SAFE,False
1.8333,110,MH_VL_004,12.979,80.2279,6.486,0.002287,0.004774,0.0,0.0,0.004774,0.004774,1.432,75.42,1.99,75.42,FLOODED,True
1.8333,110,MH_VL_005,12.9762,80.217,19.601,0.005054,0.005054,0.4434,1.14,0.0,0.0,0.0,77.24,0.0,77.24,FLOODED,True
1.8333,110,MH_VL_006,12.9735,80.2139,1.567,0.00041,0.00041,0.4845,0.08,0.0,0.0,0.0,19.28,0.0,19.28,FLOODED,True
1.8333,110,MH_VL_007,12.9674,80.2312,0.003,1e-06,0.003797,0.0,0.0,0.003797,0.003797,1.139,0.0,1.39,1.39,SAFE,True
1.8333,110,MH_VL_008,12.9832,80.2234,0.839,0.000802,0.003386,0.1472,2.3,0.0,0.0,0.0,12.1,0.0,12.1,CAUTION,False
1.8333,110,MH_VL_009,12.9857,80.2255,0.023,1.1e-05,3.2e-05,0.0,0.0,3.2e-05,3.2e-05,0.009,0.67,0.01,0.67,SAFE,True
1.8333,110,MH_VL_010,12.9667,80.2265,0.126,3.2e-05,3.7e-05,0.4161,0.01,0.0,0.0,0.0,0.07,0.0,0.07,SAFE,False
1.8333,110,MH_VL_011,12.9867,80.2195,0.011,1.3e-05,1.3e-05,0.2991,0.0,0.0,0.0,0.0,0.11,0.0,0.11,SAFE,False
1.8333,110,MH_VL_012,12.9739,80.2268,9.056,0.003621,0.003629,0.186,1.95,0.0,0.0,0.0,6.06,0.0,6.06,CAUTION,False
1.8333,110,MH_VL_013,12.9802,80.2143,0.556,0.000139,0.000139,0.4145,0.03,0.0,0.0,0.0,12.39,0.0,12.39,CAUTION,False
1.8333,110,MH_VL_014,12.9745,80.2347,0.044,1.8e-05,0.011202,0.0,0.0,0.011202,0.011202,3.361,0.03,3.73,3.73,SAFE,True
1.8333,110,MH_VL_015,12.9821,80.2311,7.762,0.002217,0.011046,0.1284,8.6,0.0,0.0,0.0,6.62,0.0,6.62,CAUTION,False
1.8333,110,MH_VL_016,12.9851,80.22,0.11,3e-05,3e-05,0.5398,0.01,0.0,0.0,0.0,3.12,0.0,3.12,SAFE,False
1.8333,110,MH_VL_017,12.9792,80.2279,6.551,0.005169,0.0052,0.5421,0.96,0.0,0.0,0.0,6.41,0.0,6.41,CAUTION,False
1.8333,110,MH_VL_018,12.9871,80.2261,0.003,2e-06,2e-06,0.4969,0.0,0.0,0.0,0.0,0.0,0.0,0.0,SAFE,False
1.8333,110,MH_VL_019,12.9836,80.2235,0.507,0.000186,0.003941,0.0,0.0,0.003941,0.003941,1.182,3.93,1.58,3.93,SAFE,True
1.8333,110,MH_VL_020,12.9796,80.219,13.92,0.010001,0.010001,1.4753,0.68,0.0,0.0,0.0,66.32,0.0,66.32,FLOODED,True
1.8333,110,MH_VL_021,12.9839,80.2315,1.655,0.001284,0.008648,0.0,0.0,0.008648,0.008648,2.594,3.55,2.01,3.55,SAFE,True
1.8333,110,MH_VL_022,12.982,80.2249,1.573,0.001991,0.001991,0.8511,0.23,0.0,0.0,0.0,13.2,0.0,13.2,CAUTION,False
1.8333,110,MH_VL_023,12.9767,80.2163,11.603,0.002858,0.002858,1.0722,0.27,0.0,0.0,0.0,70.06,0.0,70.06,FLOODED,True
1.8333,110,MH_VL_024,12.9679,80.2321,0.001,1e-06,0.003957,0.0,0.0,0.003957,0.003957,1.187,0.0,1.24,1.24,SAFE,True
1.8333,110,MH_VL_025,12.9723,80.214,1.208,0.000582,0.000582,1.9701,0.03,0.0,0.0,0.0,1.0,0.0,1.0,SAFE,False
1.8333,110,MH_VL_026,12.9716,80.2225,27.795,0.019944,0.019945,0.0,0.0,0.019945,0.019945,5.983,71.56,3.04,71.56,FLOODED,True
1.8333,110,MH_VL_027,12.9868,80.2175,0.004,1e-06,1e-06,0.6562,0.0,0.0,0.0,0.0,0.02,0.0,0.02,SAFE,False
1.8333,110,MH_VL_028,12.9688,80.2291,0.105,4.1e-05,0.005302,0.0,0.0,0.005302,0.005302,1.591,0.05,1.47,1.47,SAFE,True
1.8333,110,MH_VL_029,12.98,80.2222,14.396,0.004879,0.004902,0.4247,1.15,0.0,0.0,0.0,3.2,0.0,3.2,SAFE,False
1.8333,110,MH_VL_030,12.9858,80.2177,0.02,6e-06,2.3e-05,0.0,0.0,2.3e-05,2.3e-05,0.007,0.08,0.01,0.08,SAFE,True
1.8333,110,MH_VL_031,12.9887,80.2121,0.0,0.0,4e-05,1.1871,0.0,0.0,0.0,0.0,0.0,0.0,0.0,SAFE,False
1.8333,110,MH_VL_032,12.9783,80.2131,0.436,0.000143,0.000143,1.1386,0.01,0.0,0.0,0.0,13.92,0.0,13.92,CAUTION,False
1.8333,110,MH_VL_033,12.9691,80.2232,4.958,0.001802,0.001802,0.7546,0.24,0.0,0.0,0.0,2.88,0.0,2.88,SAFE,False
1.8333,110,MH_VL_034,12.9882,80.2289,0.001,0.0,0.007987,0.0,0.0,0.007987,0.007987,2.396,0.07,4.13,4.13,SAFE,True
1.8333,110,MH_VL_035,12.975,80.2268,10.075,0.004141,0.006185,0.5575,1.11,0.0,0.0,0.0,1.91,0.0,1.91,SAFE,False
1.8333,110,MH_VL_036,12.9763,80.2162,11.648,0.003832,0.003832,3.8254,0.1,0.0,0.0,0.0,12.93,0.0,12.93,CAUTION,False
1.8333,110,MH_VL_037,12.9788,80.2247,14.89,0.003315,0.005206,0.0,0.0,0.005206,0.005206,1.562,44.16,2.89,44.16,FLOODED,True
1.8333,110,MH_VL_038,12.9665,80.2117,0.001,0.0,0.0,5.9913,0.0,0.0,0.0,0.0,0.0,0.0,0.0,SAFE,False
1.8333,110,MH_VL_039,12.971,80.2267,3.529,0.002587,0.002587,0.862,0.3,0.0,0.0,0.0,0.08,0.0,0.08,SAFE,False
1.8333,110,MH_VL_040,12.9884,80.2243,0.0,1e-06,0.002597,0.0,0.0,0.002597,0.002597,0.779,0.01,0.27,0.27,SAFE,True
1.8333,110,MH_VL_041,12.9852,80.2148,0.007,3e-06,3e-06,1.2129,0.0,0.0,0.0,0.0,0.43,0.0,0.43,SAFE,False
1.8333,110,MH_VL_042,12.9756,80.2217,68.501,0.012673,0.012682,0.0,0.0,0.012682,0.012682,3.805,92.19,8.65,92.19,FLOODED,True
1.8333,110,MH_VL_043,12.9896,80.2125,0.0,0.0,1.6e-05,4.4582,0.0,0.0,0.0,0.0,0.0,0.0,0.0,SAFE,False
1.8333,110,MH_VL_044,12.9677,80.2148,0.117,4.3e-05,4.3e-05,2.9329,0.0,0.0,0.0,0.0,0.13,0.0,0.13,SAFE,False
1.8333,110,MH_VL_045,12.9696,80.2216,9.34,0.003463,0.00349,3.2312,0.11,0.0,0.0,0.0,58.07,0.0,58.07,FLOODED,True
1.8333,110,MH_VL_046,12.9864,80.2124,0.0,0.0,0.0,3.2114,0.0,0.0,0.0,0.0,0.02,0.0,0.02,SAFE,False
1.8333,110,MH_VL_047,12.9892,80.2332,0.0,0.0,0.004642,0.0,0.0,0.004642,0.004642,1.392,0.0,1.25,1.25,SAFE,True
1.8333,110,MH_VL_048,12.977,80.2316,4.429,0.001151,0.001151,1.2624,0.09,0.0,0.0,0.0,0.28,0.0,0.28,SAFE,False
1.8333,110,MH_VL_049,12.9896,80.2166,0.0,0.0,0.0,5.3659,0.0,0.0,0.0,0.0,0.0,0.0,0.0,SAFE,False
1.8333,110,MH_VL_050,12.9889,80.2349,0.0,0.0,0.0,0.0,0.0,0.0,0.0,0.0,0.0,0.0,0.0,SAFE,True
1.9167,115,MH_VL_001,12.981,80.2106,0.013,4e-06,4e-06,0.427,0.0,0.0,0.0,0.0,0.01,0.0,0.01,SAFE,False
1.9167,115,MH_VL_002,12.9834,80.2269,0.519,0.000139,0.000144,0.0,0.0,0.000144,0.000144,0.043,4.32,0.07,4.32,SAFE,True
1.9167,115,MH_VL_003,12.9658,80.2123,0.001,1e-06,1e-06,1.0287,0.0,0.0,0.0,0.0,0.01,0.0,0.01,SAFE,False
1.9167,115,MH_VL_004,12.979,80.2279,6.251,0.002205,0.004504,0.0,0.0,0.004504,0.004504,1.351,75.44,1.88,75.44,FLOODED,True
1.9167,115,MH_VL_005,12.9762,80.217,18.13,0.004674,0.004674,0.4434,1.05,0.0,0.0,0.0,76.57,0.0,76.57,FLOODED,True
1.9167,115,MH_VL_006,12.9735,80.2139,1.401,0.000367,0.000367,0.4845,0.08,0.0,0.0,0.0,20.09,0.0,20.09,FLOODED,True
1.9167,115,MH_VL_007,12.9674,80.2312,0.003,1e-06,0.003548,0.0,0.0,0.003548,0.003548,1.064,0.0,1.3,1.3,SAFE,True
1.9167,115,MH_VL_008,12.9832,80.2234,0.823,0.000786,0.00318,0.1472,2.16,0.0,0.0,0.0,13.26,0.0,13.26,CAUTION,False
1.9167,115,MH_VL_009,12.9857,80.2255,0.022,1e-05,3.3e-05,0.0,0.0,3.3e-05,3.3e-05,0.01,0.68,0.01,0.68,SAFE,True
1.9167,115,MH_VL_010,12.9667,80.2265,0.144,3.6e-05,4.2e-05,0.4161,0.01,0.0,0.0,0.0,0.08,0.0,0.08,SAFE,False
1.9167,115,MH_VL_011,12.9867,80.2195,0.01,1.2e-05,1.2e-05,0.2991,0.0,0.0,0.0,0.0,0.12,0.0,0.12,SAFE,False
1.9167,115,MH_VL_012,12.9739,80.2268,9.968,0.003985,0.003992,0.186,2.15,0.0,0.0,0.0,6.87,0.0,6.87,CAUTION,False
1.9167,115,MH_VL_013,12.9802,80.2143,0.48,0.00012,0.00012,0.4145,0.03,0.0,0.0,0.0,12.7,0.0,12.7,CAUTION,False
1.9167,115,MH_VL_014,12.9745,80.2347,0.054,2.2e-05,0.011273,0.0,0.0,0.011273,0.011273,3.382,0.04,3.76,3.76,SAFE,True
1.9167,115,MH_VL_015,12.9821,80.2311,7.615,0.002175,0.011132,0.1284,8.67,0.0,0.0,0.0,6.97,0.0,6.97,CAUTION,False
1.9167,115,MH_VL_016,12.9851,80.22,0.101,2.8e-05,2.8e-05,0.5398,0.01,0.0,0.0,0.0,3.33,0.0,3.33,SAFE,False
1.9167,115,MH_VL_017,12.9792,80.2279,6.255,0.004936,0.004965,0.5421,0.92,0.0,0.0,0.0,6.32,0.0,6.32,CAUTION,False
1.9167,115,MH_VL_018,12.9871,80.2261,0.003,2e-06,2e-06,0.4969,0.0,0.0,0.0,0.0,0.0,0.0,0.0,SAFE,False
1.9167,115,MH_VL_019,12.9836,80.2235,0.497,0.000182,0.003692,0.0,0.0,0.003692,0.003692,1.108,4.23,1.48,4.23,SAFE,True
1.9167,115,MH_VL_020,12.9796,80.219,13.011,0.009348,0.009348,1.4753,0.63,0.0,0.0,0.0,66.06,0.0,66.06,FLOODED,True
1.9167,115,MH_VL_021,12.9839,80.2315,1.611,0.001249,0.008205,0.0,0.0,0.008205,0.008205,2.462,3.76,1.91,3.76,SAFE,True
1.9167,115,MH_VL_022,12.982,80.2249,1.573,0.001991,0.001991,0.8511,0.23,0.0,0.0,0.0,13.69,0.0,13.69,CAUTION,False
1.9167,115,MH_VL_023,12.9767,80.2163,10.57,0.002604,0.002604,1.0722,0.24,0.0,0.0,0.0,69.78,0.0,69.78,FLOODED,True
1.9167,115,MH_VL_024,12.9679,80.2321,0.002,1e-06,0.00368,0.0,0.0,0.00368,0.00368,1.104,0.0,1.15,1.15,SAFE,True
1.9167,115,MH_VL_025,12.9723,80.214,1.09,0.000525,0.000525,1.9701,0.03,0.0,0.0,0.0,0.94,0.0,0.94,SAFE,False
1.9167,115,MH_VL_026,12.9716,80.2225,28.954,0.020776,0.020776,0.0,0.0,0.020776,0.020776,6.233,72.23,3.16,72.23,FLOODED,True
1.9167,115,MH_VL_027,12.9868,80.2175,0.004,1e-06,1e-06,0.6562,0.0,0.0,0.0,0.0,0.02,0.0,0.02,SAFE,False
1.9167,115,MH_VL_028,12.9688,80.2291,0.124,4.9e-05,0.005186,0.0,0.0,0.005186,0.005186,1.556,0.06,1.44,1.44,SAFE,True
1.9167,115,MH_VL_029,12.98,80.2222,14.144,0.004794,0.004813,0.4247,1.13,0.0,0.0,0.0,3.18,0.0,3.18,SAFE,False
1.9167,115,MH_VL_030,12.9858,80.2177,0.018,5e-06,2e-05,0.0,0.0,2e-05,2e-05,0.006,0.08,0.01,0.08,SAFE,True
1.9167,115,MH_VL_031,12.9887,80.2121,0.0,0.0,3.4e-05,1.1871,0.0,0.0,0.0,0.0,0.0,0.0,0.0,SAFE,False
1.9167,115,MH_VL_032,12.9783,80.2131,0.372,0.000122,0.000122,1.1386,0.01,0.0,0.0,0.0,14.33,0.0,14.33,CAUTION,False
1.9167,115,MH_VL_033,12.9691,80.2232,5.311,0.00193,0.00193,0.7546,0.26,0.0,0.0,0.0,3.26,0.0,3.26,SAFE,False
1.9167,115,MH_VL_034,12.9882,80.2289,0.001,0.0,0.00831,0.0,0.0,0.00831,0.00831,2.493,0.07,4.3,4.3,SAFE,True
1.9167,115,MH_VL_035,12.975,80.2268,11.001,0.004522,0.00638,0.5575,1.14,0.0,0.0,0.0,2.1,0.0,2.1,SAFE,False
1.9167,115,MH_VL_036,12.9763,80.2162,10.62,0.003494,0.003494,3.8254,0.09,0.0,0.0,0.0,13.14,0.0,13.14,CAUTION,False
1.9167,115,MH_VL_037,12.9788,80.2247,15.322,0.003411,0.005135,0.0,0.0,0.005135,0.005135,1.541,48.08,2.85,48.08,FLOODED,True
1.9167,115,MH_VL_038,12.9665,80.2117,0.001,0.0,0.0,5.9913,0.0,0.0,0.0,0.0,0.0,0.0,0.0,SAFE,False
1.9167,115,MH_VL_039,12.971,80.2267,3.952,0.002897,0.002897,0.862,0.34,0.0,0.0,0.0,0.09,0.0,0.09,SAFE,False
1.9167,115,MH_VL_040,12.9884,80.2243,0.0,1e-06,0.002906,0.0,0.0,0.002906,0.002906,0.872,0.01,0.3,0.3,SAFE,True
1.9167,115,MH_VL_041,12.9852,80.2148,0.006,3e-06,3e-06,1.2129,0.0,0.0,0.0,0.0,0.45,0.0,0.45,SAFE,False
1.9167,115,MH_VL_042,12.9756,80.2217,68.612,0.012693,0.012702,0.0,0.0,0.012702,0.012702,3.811,93.47,8.66,93.47,FLOODED,True
1.9167,115,MH_VL_043,12.9896,80.2125,0.0,0.0,1.5e-05,4.4582,0.0,0.0,0.0,0.0,0.0,0.0,0.0,SAFE,False
1.9167,115,MH_VL_044,12.9677,80.2148,0.11,4.1e-05,4.1e-05,2.9329,0.0,0.0,0.0,0.0,0.13,0.0,0.13,SAFE,False
1.9167,115,MH_VL_045,12.9696,80.2216,9.711,0.003601,0.003626,3.2312,0.11,0.0,0.0,0.0,65.19,0.0,65.19,FLOODED,True
1.9167,115,MH_VL_046,12.9864,80.2124,0.0,0.0,0.0,3.2114,0.0,0.0,0.0,0.0,0.02,0.0,0.02,SAFE,False
1.9167,115,MH_VL_047,12.9892,80.2332,0.0,0.0,0.004858,0.0,0.0,0.004858,0.004858,1.457,0.0,1.31,1.31,SAFE,True
1.9167,115,MH_VL_048,12.977,80.2316,4.736,0.001231,0.001231,1.2624,0.1,0.0,0.0,0.0,0.3,0.0,0.3,SAFE,False
1.9167,115,MH_VL_049,12.9896,80.2166,0.0,0.0,0.0,5.3659,0.0,0.0,0.0,0.0,0.0,0.0,0.0,SAFE,False
1.9167,115,MH_VL_050,12.9889,80.2349,0.0,0.0,0.0,0.0,0.0,0.0,0.0,0.0,0.0,0.0,0.0,SAFE,True
2.0,120,MH_VL_001,12.981,80.2106,0.012,4e-06,4e-06,0.427,0.0,0.0,0.0,0.0,0.01,0.0,0.01,SAFE,False
2.0,120,MH_VL_002,12.9834,80.2269,0.46,0.000123,0.000127,0.0,0.0,0.000127,0.000127,0.038,4.41,0.06,4.41,SAFE,True
2.0,120,MH_VL_003,12.9658,80.2123,0.001,1e-06,1e-06,1.0287,0.0,0.0,0.0,0.0,0.01,0.0,0.01,SAFE,False
2.0,120,MH_VL_004,12.979,80.2279,6.036,0.002129,0.004251,0.0,0.0,0.004251,0.004251,1.275,75.37,1.77,75.37,FLOODED,True
2.0,120,MH_VL_005,12.9762,80.217,16.731,0.004314,0.004314,0.4434,0.97,0.0,0.0,0.0,75.85,0.0,75.85,FLOODED,True
2.0,120,MH_VL_006,12.9735,80.2139,1.25,0.000327,0.000327,0.4845,0.07,0.0,0.0,0.0,20.83,0.0,20.83,FLOODED,True
2.0,120,MH_VL_007,12.9674,80.2312,0.004,1e-06,0.00331,0.0,0.0,0.00331,0.00331,0.993,0.0,1.21,1.21,SAFE,True
2.0,120,MH_VL_008,12.9832,80.2234,0.805,0.000769,0.002981,0.1472,2.03,0.0,0.0,0.0,14.46,0.0,14.46,CAUTION,False
2.0,120,MH_VL_009,12.9857,80.2255,0.021,1e-05,3.6e-05,0.0,0.0,3.6e-05,3.6e-05,0.011,0.69,0.01,0.69,SAFE,True
2.0,120,MH_VL_010,12.9667,80.2265,0.165,4.2e-05,4.6e-05,0.4161,0.01,0.0,0.0,0.0,0.1,0.0,0.1,SAFE,False
2.0,120,MH_VL_011,12.9867,80.2195,0.009,1.1e-05,1.1e-05,0.2991,0.0,0.0,0.0,0.0,0.12,0.0,0.12,SAFE,False
2.0,120,MH_VL_012,12.9739,80.2268,10.947,0.004377,0.004383,0.186,2.36,0.0,0.0,0.0,7.76,0.0,7.76,CAUTION,False
2.0,120,MH_VL_013,12.9802,80.2143,0.413,0.000103,0.000103,0.4145,0.02,0.0,0.0,0.0,12.98,0.0,12.98,CAUTION,False
2.0,120,MH_VL_014,12.9745,80.2347,0.065,2.6e-05,0.011382,0.0,0.0,0.011382,0.011382,3.415,0.05,3.79,3.79,SAFE,True
2.0,120,MH_VL_015,12.9821,80.2311,7.434,0.002123,0.011253,0.1284,8.76,0.0,0.0,0.0,7.28,0.0,7.28,CAUTION,False
2.0,120,MH_VL_016,12.9851,80.22,0.092,2.6e-05,2.6e-05,0.5398,0.0,0.0,0.0,0.0,3.53,0.0,3.53,SAFE,False
2.0,120,MH_VL_017,12.9792,80.2279,5.982,0.00472,0.004746,0.5421,0.88,0.0,0.0,0.0,6.19,0.0,6.19,CAUTION,False
2.0,120,MH_VL_018,12.9871,80.2261,0.002,1e-06,1e-06,0.4969,0.0,0.0,0.0,0.0,0.0,0.0,0.0,SAFE,False
2.0,120,MH_VL_019,12.9836,80.2235,0.485,0.000178,0.00345,0.0,0.0,0.00345,0.00345,1.035,4.53,1.38,4.53,SAFE,True
2.0,120,MH_VL_020,12.9796,80.219,12.131,0.008716,0.008716,1.4753,0.59,0.0,0.0,0.0,65.79,0.0,65.79,FLOODED,True
2.0,120,MH_VL_021,12.9839,80.2315,1.558,0.001209,0.00777,0.0,0.0,0.00777,0.00777,2.331,3.97,1.81,3.97,SAFE,True
2.0,120,MH_VL_022,12.982,80.2249,1.573,0.001991,0.001991,0.8511,0.23,0.0,0.0,0.0,14.18,0.0,14.18,CAUTION,False
2.0,120,MH_VL_023,12.9767,80.2163,9.608,0.002367,0.002367,1.0722,0.22,0.0,0.0,0.0,69.43,0.0,69.43,FLOODED,True
2.0,120,MH_VL_024,12.9679,80.2321,0.002,1e-06,0.003423,0.0,0.0,0.003423,0.003423,1.027,0.0,1.07,1.07,SAFE,True
2.0,120,MH_VL_025,12.9723,80.214,0.981,0.000473,0.000473,1.9701,0.02,0.0,0.0,0.0,0.88,0.0,0.88,SAFE,False
2.0,120,MH_VL_026,12.9716,80.2225,30.087,0.021589,0.021589,0.0,0.0,0.021589,0.021589,6.477,72.9,3.29,72.9,FLOODED,True
2.0,120,MH_VL_027,12.9868,80.2175,0.003,1e-06,1e-06,0.6562,0.0,0.0,0.0,0.0,0.02,0.0,0.02,SAFE,False
2.0,120,MH_VL_028,12.9688,80.2291,0.146,5.7e-05,0.005064,0.0,0.0,0.005064,0.005064,1.519,0.08,1.41,1.41,SAFE,True
2.0,120,MH_VL_029,12.98,80.2222,13.861,0.004698,0.004715,0.4247,1.11,0.0,0.0,0.0,3.16,0.0,3.16,SAFE,False
2.0,120,MH_VL_030,12.9858,80.2177,0.016,5e-06,1.7e-05,0.0,0.0,1.7e-05,1.7e-05,0.005,0.08,0.01,0.08,SAFE,True
2.0,120,MH_VL_031,12.9887,80.2121,0.0,0.0,2.9e-05,1.1871,0.0,0.0,0.0,0.0,0.0,0.0,0.0,SAFE,False
2.0,120,MH_VL_032,12.9783,80.2131,0.318,0.000105,0.000105,1.1386,0.01,0.0,0.0,0.0,14.68,0.0,14.68,CAUTION,False
2.0,120,MH_VL_033,12.9691,80.2232,5.675,0.002062,0.002062,0.7546,0.27,0.0,0.0,0.0,3.67,0.0,3.67,SAFE,False
2.0,120,MH_VL_034,12.9882,80.2289,0.001,0.0,0.008676,0.0,0.0,0.008676,0.008676,2.603,0.07,4.49,4.49,SAFE,True
2.0,120,MH_VL_035,12.975,80.2268,11.989,0.004928,0.006613,0.5575,1.19,0.0,0.0,0.0,2.3,0.0,2.3,SAFE,False
2.0,120,MH_VL_036,12.9763,80.2162,9.661,0.003179,0.003179,3.8254,0.08,0.0,0.0,0.0,13.21,0.0,13.21,CAUTION,False
2.0,120,MH_VL_037,12.9788,80.2247,15.732,0.003503,0.005071,0.0,0.0,0.005071,0.005071,1.521,52.14,2.82,52.14,FLOODED,True
2.0,120,MH_VL_038,12.9665,80.2117,0.001,0.0,0.0,5.9913,0.0,0.0,0.0,0.0,0.0,0.0,0.0,SAFE,False
2.0,120,MH_VL_039,12.971,80.2267,4.416,0.003236,0.003236,0.862,0.38,0.0,0.0,0.0,0.1,0.0,0.1,SAFE,False
2.0,120,MH_VL_040,12.9884,80.2243,0.0,1e-06,0.003245,0.0,0.0,0.003245,0.003245,0.974,0.01,0.34,0.34,SAFE,True
2.0,120,MH_VL_041,12.9852,80.2148,0.005,2e-06,2e-06,1.2129,0.0,0.0,0.0,0.0,0.46,0.0,0.46,SAFE,False
2.0,120,MH_VL_042,12.9756,80.2217,68.566,0.012685,0.012693,0.0,0.0,0.012693,0.012693,3.808,94.64,8.65,94.64,FLOODED,True
2.0,120,MH_VL_043,12.9896,80.2125,0.0,0.0,1.4e-05,4.4582,0.0,0.0,0.0,0.0,0.0,0.0,0.0,SAFE,False
2.0,120,MH_VL_044,12.9677,80.2148,0.103,3.8e-05,3.8e-05,2.9329,0.0,0.0,0.0,0.0,0.14,0.0,0.14,SAFE,False
2.0,120,MH_VL_045,12.9696,80.2216,10.071,0.003734,0.003758,3.2312,0.12,0.0,0.0,0.0,67.6,0.0,67.6,FLOODED,True
2.0,120,MH_VL_046,12.9864,80.2124,0.0,0.0,0.0,3.2114,0.0,0.0,0.0,0.0,0.02,0.0,0.02,SAFE,False
2.0,120,MH_VL_047,12.9892,80.2332,0.0,0.0,0.005068,0.0,0.0,0.005068,0.005068,1.521,0.0,1.37,1.37,SAFE,True
2.0,120,MH_VL_048,12.977,80.2316,5.04,0.00131,0.00131,1.2624,0.1,0.0,0.0,0.0,0.32,0.0,0.32,SAFE,False
2.0,120,MH_VL_049,12.9896,80.2166,0.0,0.0,0.0,5.3659,0.0,0.0,0.0,0.0,0.0,0.0,0.0,SAFE,False
2.0,120,MH_VL_050,12.9889,80.2349,0.0,0.0,0.0,0.0,0.0,0.0,0.0,0.0,0.0,0.0,0.0,SAFE,True
2.0833,125,MH_VL_001,12.981,80.2106,0.012,4e-06,4e-06,0.427,0.0,0.0,0.0,0.0,0.01,0.0,0.01,SAFE,False
2.0833,125,MH_VL_002,12.9834,80.2269,0.409,0.00011,0.000114,0.0,0.0,0.000114,0.000114,0.034,4.5,0.06,4.5,SAFE,True
2.0833,125,MH_VL_003,12.9658,80.2123,0.001,1e-06,1e-06,1.0287,0.0,0.0,0.0,0.0,0.01,0.0,0.01,SAFE,False
2.0833,125,MH_VL_004,12.979,80.2279,5.838,0.002059,0.004012,0.0,0.0,0.004012,0.004012,1.204,75.23,1.67,75.23,FLOODED,True
2.0833,125,MH_VL_005,12.9762,80.217,15.399,0.00397,0.00397,0.4434,0.9,0.0,0.0,0.0,75.1,0.0,75.1,FLOODED,True
2.0833,125,MH_VL_006,12.9735,80.2139,1.111,0.000291,0.000291,0.4845,0.06,0.0,0.0,0.0,21.51,0.0,21.51,FLOODED,True
2.0833,125,MH_VL_007,12.9674,80.2312,0.005,2e-06,0.003084,0.0,0.0,0.003084,0.003084,0.925,0.0,1.13,1.13,SAFE,True
2.0833,125,MH_VL_008,12.9832,80.2234,0.786,0.000751,0.002791,0.1472,1.9,0.0,0.0,0.0,15.67,0.0,15.67,FLOODED,True
2.0833,125,MH_VL_009,12.9857,80.2255,0.02,9e-06,3.8e-05,0.0,0.0,3.8e-05,3.8e-05,0.011,0.7,0.01,0.7,SAFE,True
2.0833,125,MH_VL_010,12.9667,80.2265,0.188,4.7e-05,5.2e-05,0.4161,0.01,0.0,0.0,0.0,0.11,0.0,0.11,SAFE,False
2.0833,125,MH_VL_011,12.9867,80.2195,0.008,1e-05,1e-05,0.2991,0.0,0.0,0.0,0.0,0.12,0.0,0.12,SAFE,False
2.0833,125,MH_VL_012,12.9739,80.2268,11.989,0.004794,0.004799,0.186,2.58,0.0,0.0,0.0,8.74,0.0,8.74,CAUTION,False
2.0833,125,MH_VL_013,12.9802,80.2143,0.354,8.9e-05,8.9e-05,0.4145,0.02,0.0,0.0,0.0,13.23,0.0,13.23,CAUTION,False
2.0833,125,MH_VL_014,12.9745,80.2347,0.079,3.2e-05,0.011526,0.0,0.0,0.011526,0.011526,3.458,0.06,3.84,3.84,SAFE,True
2.0833,125,MH_VL_015,12.9821,80.2311,7.225,0.002064,0.011406,0.1284,8.88,0.0,0.0,0.0,7.55,0.0,7.55,CAUTION,False
2.0833,125,MH_VL_016,12.9851,80.22,0.084,2.3e-05,2.3e-05,0.5398,0.0,0.0,0.0,0.0,3.73,0.0,3.73,SAFE,False
2.0833,125,MH_VL_017,12.9792,80.2279,5.728,0.00452,0.004543,0.5421,0.84,0.0,0.0,0.0,6.03,0.0,6.03,CAUTION,False
2.0833,125,MH_VL_018,12.9871,80.2261,0.002,1e-06,1e-06,0.4969,0.0,0.0,0.0,0.0,0.0,0.0,0.0,SAFE,False
2.0833,125,MH_VL_019,12.9836,80.2235,0.473,0.000173,0.003217,0.0,0.0,0.003217,0.003217,0.965,4.82,1.29,4.82,SAFE,True
2.0833,125,MH_VL_020,12.9796,80.219,11.284,0.008108,0.008108,1.4753,0.55,0.0,0.0,0.0,65.53,0.0,65.53,FLOODED,True
2.0833,125,MH_VL_021,12.9839,80.2315,1.502,0.001165,0.007345,0.0,0.0,0.007345,0.007345,2.204,4.17,1.71,4.17,SAFE,True
2.0833,125,MH_VL_022,12.982,80.2249,1.572,0.00199,0.00199,0.8511,0.23,0.0,0.0,0.0,14.66,0.0,14.66,CAUTION,False
2.0833,125,MH_VL_023,12.9767,80.2163,8.709,0.002145,0.002145,1.0722,0.2,0.0,0.0,0.0,69.04,0.0,69.04,FLOODED,True
2.0833,125,MH_VL_024,12.9679,80.2321,0.002,1e-06,0.003183,0.0,0.0,0.003183,0.003183,0.955,0.0,0.99,0.99,SAFE,True
2.0833,125,MH_VL_025,12.9723,80.214,0.88,0.000424,0.000424,1.9701,0.02,0.0,0.0,0.0,0.82,0.0,0.82,SAFE,False
2.0833,125,MH_VL_026,12.9716,80.2225,31.196,0.022385,0.022385,0.0,0.0,0.022385,0.022385,6.715,73.55,3.41,73.55,FLOODED,True
2.0833,125,MH_VL_027,12.9868,80.2175,0.003,1e-06,1e-06,0.6562,0.0,0.0,0.0,0.0,0.02,0.0,0.02,SAFE,False
2.0833,125,MH_VL_028,12.9688,80.2291,0.171,6.7e-05,0.004937,0.0,0.0,0.004937,0.004937,1.481,0.09,1.37,1.37,SAFE,True
2.0833,125,MH_VL_029,12.98,80.2222,13.555,0.004594,0.004608,0.4247,1.09,0.0,0.0,0.0,3.12,0.0,3.12,SAFE,False
2.0833,125,MH_VL_030,12.9858,80.2177,0.014,4e-06,1.5e-05,0.0,0.0,1.5e-05,1.5e-05,0.004,0.07,0.01,0.07,SAFE,True
2.0833,125,MH_VL_031,12.9887,80.2121,0.0,0.0,2.5e-05,1.1871,0.0,0.0,0.0,0.0,0.0,0.0,0.0,SAFE,False
2.0833,125,MH_VL_032,12.9783,80.2131,0.27,8.9e-05,8.9e-05,1.1386,0.01,0.0,0.0,0.0,15.0,0.0,15.0,CAUTION,False
2.0833,125,MH_VL_033,12.9691,80.2232,6.05,0.002199,0.002199,0.7546,0.29,0.0,0.0,0.0,4.12,0.0,4.12,SAFE,False
2.0833,125,MH_VL_034,12.9882,80.2289,0.001,0.0,0.009079,0.0,0.0,0.009079,0.009079,2.724,0.08,4.7,4.7,SAFE,True
2.0833,125,MH_VL_035,12.975,80.2268,13.03,0.005356,0.00688,0.5575,1.23,0.0,0.0,0.0,2.52,0.0,2.52,SAFE,False
2.0833,125,MH_VL_036,12.9763,80.2162,8.764,0.002883,0.002883,3.8254,0.08,0.0,0.0,0.0,13.15,0.0,13.15,CAUTION,False
2.0833,125,MH_VL_037,12.9788,80.2247,16.118,0.003589,0.005011,0.0,0.0,0.005011,0.005011,1.503,56.32,2.78,56.32,FLOODED,True
2.0833,125,MH_VL_038,12.9665,80.2117,0.001,0.0,0.0,5.9913,0.0,0.0,0.0,0.0,0.0,0.0,0.0,SAFE,False
2.0833,125,MH_VL_039,12.971,80.2267,4.92,0.003606,0.003606,0.862,0.42,0.0,0.0,0.0,0.11,0.0,0.11,SAFE,False
2.0833,125,MH_VL_040,12.9884,80.2243,0.0,0.0,0.003615,0.0,0.0,0.003615,0.003615,1.084,0.01,0.38,0.38,SAFE,True
2.0833,125,MH_VL_041,12.9852,80.2148,0.004,2e-06,2e-06,1.2129,0.0,0.0,0.0,0.0,0.48,0.0,0.48,SAFE,False
2.0833,125,MH_VL_042,12.9756,80.2217,68.365,0.012648,0.012655,0.0,0.0,0.012655,0.012655,3.796,95.67,8.63,95.67,FLOODED,True
2.0833,125,MH_VL_043,12.9896,80.2125,0.0,0.0,1.4e-05,4.4582,0.0,0.0,0.0,0.0,0.0,0.0,0.0,SAFE,False
2.0833,125,MH_VL_044,12.9677,80.2148,0.097,3.6e-05,3.6e-05,2.9329,0.0,0.0,0.0,0.0,0.14,0.0,0.14,SAFE,False
2.0833,125,MH_VL_045,12.9696,80.2216,10.421,0.003864,0.003887,3.2312,0.12,0.0,0.0,0.0,68.07,0.0,68.07,FLOODED,True
2.0833,125,MH_VL_046,12.9864,80.2124,0.0,0.0,0.0,3.2114,0.0,0.0,0.0,0.0,0.02,0.0,0.02,SAFE,False
2.0833,125,MH_VL_047,12.9892,80.2332,0.0,0.0,0.005275,0.0,0.0,0.005275,0.005275,1.583,0.0,1.43,1.43,SAFE,True
2.0833,125,MH_VL_048,12.977,80.2316,5.341,0.001388,0.001388,1.2624,0.11,0.0,0.0,0.0,0.35,0.0,0.35,SAFE,False
2.0833,125,MH_VL_049,12.9896,80.2166,0.0,0.0,0.0,5.3659,0.0,0.0,0.0,0.0,0.0,0.0,0.0,SAFE,False
2.0833,125,MH_VL_050,12.9889,80.2349,0.0,0.0,0.0,0.0,0.0,0.0,0.0,0.0,0.0,0.0,0.0,SAFE,True
2.1667,130,MH_VL_001,12.981,80.2106,0.011,4e-06,4e-06,0.427,0.0,0.0,0.0,0.0,0.01,0.0,0.01,SAFE,False
2.1667,130,MH_VL_002,12.9834,80.2269,0.367,9.8e-05,0.000102,0.0,0.0,0.000102,0.000102,0.031,4.57,0.05,4.57,SAFE,True
2.1667,130,MH_VL_003,12.9658,80.2123,0.001,1e-06,1e-06,1.0287,0.0,0.0,0.0,0.0,0.01,0.0,0.01,SAFE,False
2.1667,130,MH_VL_004,12.979,80.2279,5.667,0.001999,0.003793,0.0,0.0,0.003793,0.003793,1.138,75.03,1.58,75.03,FLOODED,True
2.1667,130,MH_VL_005,12.9762,80.217,14.146,0.003647,0.003647,0.4434,0.82,0.0,0.0,0.0,74.33,0.0,74.33,FLOODED,True
2.1667,130,MH_VL_006,12.9735,80.2139,0.987,0.000259,0.000259,0.4845,0.05,0.0,0.0,0.0,22.13,0.0,22.13,FLOODED,True
2.1667,130,MH_VL_007,12.9674,80.2312,0.006,2e-06,0.00287,0.0,0.0,0.00287,0.00287,0.861,0.0,1.05,1.05,SAFE,True
2.1667,130,MH_VL_008,12.9832,80.2234,0.765,0.000731,0.00261,0.1472,1.77,0.0,0.0,0.0,16.89,0.0,16.89,FLOODED,True
2.1667,130,MH_VL_009,12.9857,80.2255,0.019,9e-06,4.1e-05,0.0,0.0,4.1e-05,4.1e-05,0.012,0.71,0.02,0.71,SAFE,True
2.1667,130,MH_VL_010,12.9667,80.2265,0.214,5.4e-05,5.8e-05,0.4161,0.01,0.0,0.0,0.0,0.13,0.0,0.13,SAFE,False
2.1667,130,MH_VL_011,12.9867,80.2195,0.007,9e-06,9e-06,0.2991,0.0,0.0,0.0,0.0,0.13,0.0,0.13,SAFE,False
2.1667,130,MH_VL_012,12.9739,80.2268,13.107,0.005241,0.005246,0.186,2.82,0.0,0.0,0.0,9.82,0.0,9.82,CAUTION,False
2.1667,130,MH_VL_013,12.9802,80.2143,0.304,7.6e-05,7.6e-05,0.4145,0.02,0.0,0.0,0.0,13.44,0.0,13.44,CAUTION,False
2.1667,130,MH_VL_014,12.9745,80.2347,0.095,3.8e-05,0.011719,0.0,0.0,0.011719,0.011719,3.516,0.08,3.91,3.91,SAFE,True
2.1667,130,MH_VL_015,12.9821,80.2311,6.985,0.001995,0.011605,0.1284,9.04,0.0,0.0,0.0,7.77,0.0,7.77,CAUTION,False
2.1667,130,MH_VL_016,12.9851,80.22,0.076,2.1e-05,2.1e-05,0.5398,0.0,0.0,0.0,0.0,3.92,0.0,3.92,SAFE,False
2.1667,130,MH_VL_017,12.9792,80.2279,5.503,0.004342,0.004364,0.5421,0.8,0.0,0.0,0.0,5.86,0.0,5.86,CAUTION,False
2.1667,130,MH_VL_018,12.9871,80.2261,0.002,1e-06,1e-06,0.4969,0.0,0.0,0.0,0.0,0.0,0.0,0.0,SAFE,False
2.1667,130,MH_VL_019,12.9836,80.2235,0.46,0.000168,0.002993,0.0,0.0,0.002993,0.002993,0.898,5.12,1.2,5.12,CAUTION,True
2.1667,130,MH_VL_020,12.9796,80.219,10.472,0.007524,0.007524,1.4753,0.51,0.0,0.0,0.0,65.26,0.0,65.26,FLOODED,True
2.1667,130,MH_VL_021,12.9839,80.2315,1.439,0.001116,0.006932,0.0,0.0,0.006932,0.006932,2.08,4.37,1.61,4.37,SAFE,True
2.1667,130,MH_VL_022,12.982,80.2249,1.571,0.001989,0.001989,0.8511,0.23,0.0,0.0,0.0,15.14,0.0,15.14,FLOODED,True
2.1667,130,MH_VL_023,12.9767,80.2163,7.881,0.001941,0.001941,1.0722,0.18,0.0,0.0,0.0,68.6,0.0,68.6,FLOODED,True
2.1667,130,MH_VL_024,12.9679,80.2321,0.003,1e-06,0.002962,0.0,0.0,0.002962,0.002962,0.889,0.0,0.93,0.93,SAFE,True
2.1667,130,MH_VL_025,12.9723,80.214,0.789,0.00038,0.00038,1.9701,0.02,0.0,0.0,0.0,0.76,0.0,0.76,SAFE,False
2.1667,130,MH_VL_026,12.9716,80.2225,32.262,0.023149,0.023149,0.0,0.0,0.023149,0.023149,6.945,74.2,3.53,74.2,FLOODED,True
2.1667,130,MH_VL_027,12.9868,80.2175,0.002,1e-06,1e-06,0.6562,0.0,0.0,0.0,0.0,0.02,0.0,0.02,SAFE,False
2.1667,130,MH_VL_028,12.9688,80.2291,0.201,7.9e-05,0.004807,0.0,0.0,0.004807,0.004807,1.442,0.11,1.34,1.34,SAFE,True
2.1667,130,MH_VL_029,12.98,80.2222,13.221,0.004481,0.004493,0.4247,1.06,0.0,0.0,0.0,3.08,0.0,3.08,SAFE,False
2.1667,130,MH_VL_030,12.9858,80.2177,0.012,4e-06,1.3e-05,0.0,0.0,1.3e-05,1.3e-05,0.004,0.07,0.0,0.07,SAFE,True
2.1667,130,MH_VL_031,12.9887,80.2121,0.0,0.0,2.1e-05,1.1871,0.0,0.0,0.0,0.0,0.0,0.0,0.0,SAFE,False
2.1667,130,MH_VL_032,12.9783,80.2131,0.23,7.6e-05,7.6e-05,1.1386,0.01,0.0,0.0,0.0,15.27,0.0,15.27,FLOODED,True
2.1667,130,MH_VL_033,12.9691,80.2232,6.434,0.002338,0.002338,0.7546,0.31,0.0,0.0,0.0,4.6,0.0,4.6,SAFE,False
2.1667,130,MH_VL_034,12.9882,80.2289,0.001,0.0,0.009527,0.0,0.0,0.009527,0.009527,2.858,0.08,4.93,4.93,SAFE,True
2.1667,130,MH_VL_035,12.975,80.2268,14.139,0.005811,0.007189,0.5575,1.29,0.0,0.0,0.0,2.75,0.0,2.75,SAFE,False
2.1667,130,MH_VL_036,12.9763,80.2162,7.938,0.002612,0.002612,3.8254,0.07,0.0,0.0,0.0,12.96,0.0,12.96,CAUTION,False
2.1667,130,MH_VL_037,12.9788,80.2247,16.479,0.003669,0.004957,0.0,0.0,0.004957,0.004957,1.487,60.63,2.75,60.63,FLOODED,True
2.1667,130,MH_VL_038,12.9665,80.2117,0.001,0.0,0.0,5.9913,0.0,0.0,0.0,0.0,0.0,0.0,0.0,SAFE,False
2.1667,130,MH_VL_039,12.971,80.2267,5.472,0.004011,0.004011,0.862,0.47,0.0,0.0,0.0,0.12,0.0,0.12,SAFE,False
2.1667,130,MH_VL_040,12.9884,80.2243,0.0,0.0,0.004019,0.0,0.0,0.004019,0.004019,1.206,0.01,0.42,0.42,SAFE,True
2.1667,130,MH_VL_041,12.9852,80.2148,0.003,2e-06,2e-06,1.2129,0.0,0.0,0.0,0.0,0.49,0.0,0.49,SAFE,False
2.1667,130,MH_VL_042,12.9756,80.2217,67.987,0.012578,0.012584,0.0,0.0,0.012584,0.012584,3.775,96.56,8.58,96.56,FLOODED,True
2.1667,130,MH_VL_043,12.9896,80.2125,0.0,0.0,1.3e-05,4.4582,0.0,0.0,0.0,0.0,0.0,0.0,0.0,SAFE,False
2.1667,130,MH_VL_044,12.9677,80.2148,0.09,3.3e-05,3.3e-05,2.9329,0.0,0.0,0.0,0.0,0.15,0.0,0.15,SAFE,False
2.1667,130,MH_VL_045,12.9696,80.2216,10.756,0.003988,0.004009,3.2312,0.12,0.0,0.0,0.0,68.55,0.0,68.55,FLOODED,True
2.1667,130,MH_VL_046,12.9864,80.2124,0.0,0.0,0.0,3.2114,0.0,0.0,0.0,0.0,0.02,0.0,0.02,SAFE,False
2.1667,130,MH_VL_047,12.9892,80.2332,0.0,0.0,0.005473,0.0,0.0,0.005473,0.005473,1.642,0.0,1.48,1.48,SAFE,True
2.1667,130,MH_VL_048,12.977,80.2316,5.631,0.001464,0.001464,1.2624,0.12,0.0,0.0,0.0,0.37,0.0,0.37,SAFE,False
2.1667,130,MH_VL_049,12.9896,80.2166,0.0,0.0,0.0,5.3659,0.0,0.0,0.0,0.0,0.0,0.0,0.0,SAFE,False
2.1667,130,MH_VL_050,12.9889,80.2349,0.0,0.0,0.0,0.0,0.0,0.0,0.0,0.0,0.0,0.0,0.0,SAFE,True
2.25,135,MH_VL_001,12.981,80.2106,0.011,4e-06,4e-06,0.427,0.0,0.0,0.0,0.0,0.01,0.0,0.01,SAFE,False
2.25,135,MH_VL_002,12.9834,80.2269,0.331,8.9e-05,9.2e-05,0.0,0.0,9.2e-05,9.2e-05,0.028,4.64,0.05,4.64,SAFE,True
2.25,135,MH_VL_003,12.9658,80.2123,0.001,1e-06,1e-06,1.0287,0.0,0.0,0.0,0.0,0.01,0.0,0.01,SAFE,False
2.25,135,MH_VL_004,12.979,80.2279,5.518,0.001946,0.00359,0.0,0.0,0.00359,0.00359,1.077,74.78,1.5,74.78,FLOODED,True
2.25,135,MH_VL_005,12.9762,80.217,12.961,0.003342,0.003342,0.4434,0.75,0.0,0.0,0.0,73.56,0.0,73.56,FLOODED,True
2.25,135,MH_VL_006,12.9735,80.2139,0.874,0.000229,0.000229,0.4845,0.05,0.0,0.0,0.0,22.69,0.0,22.69,FLOODED,True
2.25,135,MH_VL_007,12.9674,80.2312,0.007,2e-06,0.002668,0.0,0.0,0.002668,0.002668,0.8,0.0,0.98,0.98,SAFE,True
2.25,135,MH_VL_008,12.9832,80.2234,0.744,0.00071,0.002437,0.1472,1.66,0.0,0.0,0.0,18.13,0.0,18.13,FLOODED,True
2.25,135,MH_VL_009,12.9857,80.2255,0.019,9e-06,4.5e-05,0.0,0.0,4.5e-05,4.5e-05,0.013,0.72,0.02,0.72,SAFE,True
2.25,135,MH_VL_010,12.9667,80.2265,0.243,6.1e-05,6.5e-05,0.4161,0.02,0.0,0.0,0.0,0.15,0.0,0.15,SAFE,False
2.25,135,MH_VL_011,12.9867,80.2195,0.006,8e-06,8e-06,0.2991,0.0,0.0,0.0,0.0,0.13,0.0,0.13,SAFE,False
2.25,135,MH_VL_012,12.9739,80.2268,14.292,0.005714,0.005719,0.186,3.07,0.0,0.0,0.0,11.0,0.0,11.0,CAUTION,False
2.25,135,MH_VL_013,12.9802,80.2143,0.259,6.5e-05,6.5e-05,0.4145,0.02,0.0,0.0,0.0,13.63,0.0,13.63,CAUTION,False
2.25,135,MH_VL_014,12.9745,80.2347,0.114,4.6e-05,0.011952,0.0,0.0,0.011952,0.011952,3.585,0.1,3.98,3.98,SAFE,True
2.25,135,MH_VL_015,12.9821,80.2311,6.722,0.00192,0.011841,0.1284,9.22,0.0,0.0,0.0,7.95,0.0,7.95,CAUTION,False
2.25,135,MH_VL_016,12.9851,80.22,0.069,1.9e-05,1.9e-05,0.5398,0.0,0.0,0.0,0.0,4.09,0.0,4.09,SAFE,False
2.25,135,MH_VL_017,12.9792,80.2279,5.3,0.004183,0.004202,0.5421,0.78,0.0,0.0,0.0,5.66,0.0,5.66,CAUTION,False
2.25,135,MH_VL_018,12.9871,80.2261,0.002,1e-06,1e-06,0.4969,0.0,0.0,0.0,0.0,0.0,0.0,0.0,SAFE,False
2.25,135,MH_VL_019,12.9836,80.2235,0.446,0.000163,0.002778,0.0,0.0,0.002778,0.002778,0.834,5.4,1.11,5.4,CAUTION,True
2.25,135,MH_VL_020,12.9796,80.219,9.694,0.006965,0.006965,1.4753,0.47,0.0,0.0,0.0,64.99,0.0,64.99,FLOODED,True
2.25,135,MH_VL_021,12.9839,80.2315,1.373,0.001065,0.006529,0.0,0.0,0.006529,0.006529,1.959,4.56,1.52,4.56,SAFE,True
2.25,135,MH_VL_022,12.982,80.2249,1.568,0.001985,0.001985,0.8511,0.23,0.0,0.0,0.0,15.61,0.0,15.61,FLOODED,True
2.25,135,MH_VL_023,12.9767,80.2163,7.111,0.001752,0.001752,1.0722,0.16,0.0,0.0,0.0,68.13,0.0,68.13,FLOODED,True
2.25,135,MH_VL_024,12.9679,80.2321,0.004,2e-06,0.002755,0.0,0.0,0.002755,0.002755,0.827,0.0,0.86,0.86,SAFE,True
2.25,135,MH_VL_025,12.9723,80.214,0.705,0.00034,0.00034,1.9701,0.02,0.0,0.0,0.0,0.7,0.0,0.7,SAFE,False
2.25,135,MH_VL_026,12.9716,80.2225,33.289,0.023887,0.023887,0.0,0.0,0.023887,0.023887,7.166,74.83,3.64,74.83,FLOODED,True
2.25,135,MH_VL_027,12.9868,80.2175,0.002,1e-06,1e-06,0.6562,0.0,0.0,0.0,0.0,0.02,0.0,0.02,SAFE,False
2.25,135,MH_VL_028,12.9688,80.2291,0.234,9.2e-05,0.004673,0.0,0.0,0.004673,0.004673,1.402,0.14,1.3,1.3,SAFE,True
2.25,135,MH_VL_029,12.98,80.2222,12.866,0.00436,0.004371,0.4247,1.03,0.0,0.0,0.0,3.03,0.0,3.03,SAFE,False
2.25,135,MH_VL_030,12.9858,80.2177,0.011,3e-06,1.1e-05,0.0,0.0,1.1e-05,1.1e-05,0.003,0.07,0.0,0.07,SAFE,True
2.25,135,MH_VL_031,12.9887,80.2121,0.0,0.0,1.8e-05,1.1871,0.0,0.0,0.0,0.0,0.0,0.0,0.0,SAFE,False
2.25,135,MH_VL_032,12.9783,80.2131,0.195,6.4e-05,6.4e-05,1.1386,0.01,0.0,0.0,0.0,15.5,0.0,15.5,FLOODED,True
2.25,135,MH_VL_033,12.9691,80.2232,6.825,0.00248,0.00248,0.7546,0.33,0.0,0.0,0.0,5.12,0.0,5.12,CAUTION,False
2.25,135,MH_VL_034,12.9882,80.2289,0.0,0.0,0.010011,0.0,0.0,0.010011,0.010011,3.003,0.08,5.18,5.18,CAUTION,True
2.25,135,MH_VL_035,12.975,80.2268,15.302,0.006289,0.00753,0.5575,1.35,0.0,0.0,0.0,3.0,0.0,3.0,SAFE,False
2.25,135,MH_VL_036,12.9763,80.2162,7.169,0.002358,0.002358,3.8254,0.06,0.0,0.0,0.0,12.67,0.0,12.67,CAUTION,False
2.25,135,MH_VL_037,12.9788,80.2247,16.808,0.003742,0.004906,0.0,0.0,0.004906,0.004906,1.472,64.42,2.73,64.42,FLOODED,True
2.25,135,MH_VL_038,12.9665,80.2117,0.001,0.0,0.0,5.9913,0.0,0.0,0.0,0.0,0.0,0.0,0.0,SAFE,False
2.25,135,MH_VL_039,12.971,80.2267,6.069,0.004448,0.004448,0.862,0.52,0.0,0.0,0.0,0.14,0.0,0.14,SAFE,False
2.25,135,MH_VL_040,12.9884,80.2243,0.0,0.0,0.004456,0.0,0.0,0.004456,0.004456,1.337,0.01,0.46,0.46,SAFE,True
2.25,135,MH_VL_041,12.9852,80.2148,0.003,1e-06,1e-06,1.2129,0.0,0.0,0.0,0.0,0.5,0.0,0.5,SAFE,False
2.25,135,MH_VL_042,12.9756,80.2217,67.466,0.012481,0.012487,0.0,0.0,0.012487,0.012487,3.746,97.25,8.51,97.25,FLOODED,True
2.25,135,MH_VL_043,12.9896,80.2125,0.0,0.0,1.2e-05,4.4582,0.0,0.0,0.0,0.0,0.0,0.0,0.0,SAFE,False
2.25,135,MH_VL_044,12.9677,80.2148,0.084,3.1e-05,3.1e-05,2.9329,0.0,0.0,0.0,0.0,0.15,0.0,0.15,SAFE,False
2.25,135,MH_VL_045,12.9696,80.2216,11.076,0.004107,0.004126,3.2312,0.13,0.0,0.0,0.0,69.03,0.0,69.03,FLOODED,True
2.25,135,MH_VL_046,12.9864,80.2124,0.0,0.0,0.0,3.2114,0.0,0.0,0.0,0.0,0.02,0.0,0.02,SAFE,False
2.25,135,MH_VL_047,12.9892,80.2332,0.0,0.0,0.005663,0.0,0.0,0.005663,0.005663,1.699,0.0,1.53,1.53,SAFE,True
2.25,135,MH_VL_048,12.977,80.2316,5.91,0.001536,0.001536,1.2624,0.12,0.0,0.0,0.0,0.39,0.0,0.39,SAFE,False
2.25,135,MH_VL_049,12.9896,80.2166,0.0,0.0,0.0,5.3659,0.0,0.0,0.0,0.0,0.0,0.0,0.0,SAFE,False
2.25,135,MH_VL_050,12.9889,80.2349,0.0,0.0,0.0,0.0,0.0,0.0,0.0,0.0,0.0,0.0,0.0,SAFE,True
2.3333,140,MH_VL_001,12.981,80.2106,0.01,3e-06,3e-06,0.427,0.0,0.0,0.0,0.0,0.01,0.0,0.01,SAFE,False
2.3333,140,MH_VL_002,12.9834,80.2269,0.301,8.1e-05,8.4e-05,0.0,0.0,8.4e-05,8.4e-05,0.025,4.7,0.04,4.7,SAFE,True
2.3333,140,MH_VL_003,12.9658,80.2123,0.001,1e-06,1e-06,1.0287,0.0,0.0,0.0,0.0,0.01,0.0,0.01,SAFE,False
2.3333,140,MH_VL_004,12.979,80.2279,5.394,0.001902,0.003405,0.0,0.0,0.003405,0.003405,1.021,74.49,1.42,74.49,FLOODED,True
2.3333,140,MH_VL_005,12.9762,80.217,11.847,0.003054,0.003054,0.4434,0.69,0.0,0.0,0.0,72.79,0.0,72.79,FLOODED,True
2.3333,140,MH_VL_006,12.9735,80.2139,0.772,0.000202,0.000202,0.4845,0.04,0.0,0.0,0.0,23.2,0.0,23.2,FLOODED,True
2.3333,140,MH_VL_007,12.9674,80.2312,0.009,3e-06,0.002478,0.0,0.0,0.002478,0.002478,0.743,0.01,0.91,0.91,SAFE,True
2.3333,140,MH_VL_008,12.9832,80.2234,0.721,0.000689,0.002273,0.1472,1.54,0.0,0.0,0.0,19.37,0.0,19.37,FLOODED,True
2.3333,140,MH_VL_009,12.9857,80.2255,0.018,9e-06,4.9e-05,0.0,0.0,4.9e-05,4.9e-05,0.015,0.73,0.02,0.73,SAFE,True
2.3333,140,MH_VL_010,12.9667,80.2265,0.276,7e-05,7.2e-05,0.4161,0.02,0.0,0.0,0.0,0.17,0.0,0.17,SAFE,False
2.3333,140,MH_VL_011,12.9867,80.2195,0.005,7e-06,7e-06,0.2991,0.0,0.0,0.0,0.0,0.13,0.0,0.13,SAFE,False
2.3333,140,MH_VL_012,12.9739,80.2268,15.547,0.006216,0.00622,0.186,3.34,0.0,0.0,0.0,12.29,0.0,12.29,CAUTION,False
2.3333,140,MH_VL_013,12.9802,80.2143,0.221,5.5e-05,5.5e-05,0.4145,0.01,0.0,0.0,0.0,13.79,0.0,13.79,CAUTION,False
2.3333,140,MH_VL_014,12.9745,80.2347,0.136,5.4e-05,0.012231,0.0,0.0,0.012231,0.012231,3.669,0.12,4.08,4.08,SAFE,True
2.3333,140,MH_VL_015,12.9821,80.2311,6.439,0.001839,0.012121,0.1284,9.44,0.0,0.0,0.0,8.09,0.0,8.09,CAUTION,False
2.3333,140,MH_VL_016,12.9851,80.22,0.063,1.8e-05,1.8e-05,0.5398,0.0,0.0,0.0,0.0,4.26,0.0,4.26,SAFE,False
2.3333,140,MH_VL_017,12.9792,80.2279,5.125,0.004044,0.004062,0.5421,0.75,0.0,0.0,0.0,5.46,0.0,5.46,CAUTION,False
2.3333,140,MH_VL_018,12.9871,80.2261,0.002,1e-06,1e-06,0.4969,0.0,0.0,0.0,0.0,0.0,0.0,0.0,SAFE,False
2.3333,140,MH_VL_019,12.9836,80.2235,0.432,0.000158,0.002574,0.0,0.0,0.002574,0.002574,0.772,5.69,1.03,5.69,CAUTION,True
2.3333,140,MH_VL_020,12.9796,80.219,8.954,0.006434,0.006434,1.4753,0.44,0.0,0.0,0.0,64.73,0.0,64.73,FLOODED,True
2.3333,140,MH_VL_021,12.9839,80.2315,1.304,0.001012,0.006141,0.0,0.0,0.006141,0.006141,1.842,4.75,1.43,4.75,SAFE,True
2.3333,140,MH_VL_022,12.982,80.2249,1.564,0.00198,0.00198,0.8511,0.23,0.0,0.0,0.0,16.08,0.0,16.08,FLOODED,True
2.3333,140,MH_VL_023,12.9767,80.2163,6.402,0.001577,0.001577,1.0722,0.15,0.0,0.0,0.0,67.65,0.0,67.65,FLOODED,True
2.3333,140,MH_VL_024,12.9679,80.2321,0.004,2e-06,0.002565,0.0,0.0,0.002565,0.002565,0.769,0.0,0.8,0.8,SAFE,True
2.3333,140,MH_VL_025,12.9723,80.214,0.628,0.000303,0.000303,1.9701,0.02,0.0,0.0,0.0,0.65,0.0,0.65,SAFE,False
2.3333,140,MH_VL_026,12.9716,80.2225,34.268,0.024589,0.024589,0.0,0.0,0.024589,0.024589,7.377,75.45,3.74,75.45,FLOODED,True
2.3333,140,MH_VL_027,12.9868,80.2175,0.002,1e-06,1e-06,0.6562,0.0,0.0,0.0,0.0,0.02,0.0,0.02,SAFE,False
2.3333,140,MH_VL_028,12.9688,80.2291,0.273,0.000108,0.004537,0.0,0.0,0.004537,0.004537,1.361,0.16,1.26,1.26,SAFE,True
2.3333,140,MH_VL_029,12.98,80.2222,12.493,0.004234,0.004243,0.4247,1.0,0.0,0.0,0.0,2.97,0.0,2.97,SAFE,False
2.3333,140,MH_VL_030,12.9858,80.2177,0.009,3e-06,9e-06,0.0,0.0,9e-06,9e-06,0.003,0.06,0.0,0.06,SAFE,True
2.3333,140,MH_VL_031,12.9887,80.2121,0.0,0.0,1.5e-05,1.1871,0.0,0.0,0.0,0.0,0.0,0.0,0.0,SAFE,False
2.3333,140,MH_VL_032,12.9783,80.2131,0.165,5.4e-05,5.4e-05,1.1386,0.0,0.0,0.0,0.0,15.71,0.0,15.71,FLOODED,True
2.3333,140,MH_VL_033,12.9691,80.2232,7.226,0.002626,0.002626,0.7546,0.35,0.0,0.0,0.0,5.67,0.0,5.67,CAUTION,False
2.3333,140,MH_VL_034,12.9882,80.2289,0.0,0.0,0.010533,0.0,0.0,0.010533,0.010533,3.16,0.08,5.45,5.45,CAUTION,True
2.3333,140,MH_VL_035,12.975,80.2268,16.523,0.006791,0.007907,0.5575,1.42,0.0,0.0,0.0,3.26,0.0,3.26,SAFE,False
2.3333,140,MH_VL_036,12.9763,80.2162,6.459,0.002125,0.002125,3.8254,0.06,0.0,0.0,0.0,12.27,0.0,12.27,CAUTION,False
2.3333,140,MH_VL_037,12.9788,80.2247,17.108,0.003809,0.004857,0.0,0.0,0.004857,0.004857,1.457,64.53,2.7,64.53,FLOODED,True
2.3333,140,MH_VL_038,12.9665,80.2117,0.001,0.0,0.0,5.9913,0.0,0.0,0.0,0.0,0.0,0.0,0.0,SAFE,False
2.3333,140,MH_VL_039,12.971,80.2267,6.717,0.004923,0.004923,0.862,0.57,0.0,0.0,0.0,0.15,0.0,0.15,SAFE,False
2.3333,140,MH_VL_040,12.9884,80.2243,0.0,0.0,0.00493,0.0,0.0,0.00493,0.00493,1.479,0.02,0.51,0.51,SAFE,True
2.3333,140,MH_VL_041,12.9852,80.2148,0.002,1e-06,1e-06,1.2129,0.0,0.0,0.0,0.0,0.5,0.0,0.5,SAFE,False
2.3333,140,MH_VL_042,12.9756,80.2217,66.781,0.012354,0.01236,0.0,0.0,0.01236,0.01236,3.708,97.23,8.43,97.23,FLOODED,True
2.3333,140,MH_VL_043,12.9896,80.2125,0.0,0.0,1.1e-05,4.4582,0.0,0.0,0.0,0.0,0.0,0.0,0.0,SAFE,False
2.3333,140,MH_VL_044,12.9677,80.2148,0.078,2.9e-05,2.9e-05,2.9329,0.0,0.0,0.0,0.0,0.15,0.0,0.15,SAFE,False
2.3333,140,MH_VL_045,12.9696,80.2216,11.38,0.00422,0.004238,3.2312,0.13,0.0,0.0,0.0,69.5,0.0,69.5,FLOODED,True
2.3333,140,MH_VL_046,12.9864,80.2124,0.0,0.0,0.0,3.2114,0.0,0.0,0.0,0.0,0.02,0.0,0.02,SAFE,False
2.3333,140,MH_VL_047,12.9892,80.2332,0.0,0.0,0.005843,0.0,0.0,0.005843,0.005843,1.753,0.0,1.58,1.58,SAFE,True
2.3333,140,MH_VL_048,12.977,80.2316,6.176,0.001606,0.001606,1.2624,0.13,0.0,0.0,0.0,0.42,0.0,0.42,SAFE,False
2.3333,140,MH_VL_049,12.9896,80.2166,0.0,0.0,0.0,5.3659,0.0,0.0,0.0,0.0,0.0,0.0,0.0,SAFE,False
2.3333,140,MH_VL_050,12.9889,80.2349,0.0,0.0,0.0,0.0,0.0,0.0,0.0,0.0,0.0,0.0,0.0,SAFE,True
2.4167,145,MH_VL_001,12.981,80.2106,0.01,3e-06,3e-06,0.427,0.0,0.0,0.0,0.0,0.01,0.0,0.01,SAFE,False
2.4167,145,MH_VL_002,12.9834,80.2269,0.276,7.4e-05,7.7e-05,0.0,0.0,7.7e-05,7.7e-05,0.023,4.76,0.04,4.76,SAFE,True
2.4167,145,MH_VL_003,12.9658,80.2123,0.001,0.0,0.0,1.0287,0.0,0.0,0.0,0.0,0.01,0.0,0.01,SAFE,False
2.4167,145,MH_VL_004,12.979,80.2279,5.296,0.001868,0.003238,0.0,0.0,0.003238,0.003238,0.972,74.18,1.35,74.18,FLOODED,True
2.4167,145,MH_VL_005,12.9762,80.217,10.805,0.002786,0.002786,0.4434,0.63,0.0,0.0,0.0,72.03,0.0,72.03,FLOODED,True
2.4167,145,MH_VL_006,12.9735,80.2139,0.681,0.000178,0.000178,0.4845,0.04,0.0,0.0,0.0,23.67,0.0,23.67,FLOODED,True
2.4167,145,MH_VL_007,12.9674,80.2312,0.011,3e-06,0.002299,0.0,0.0,0.002299,0.002299,0.69,0.01,0.84,0.84,SAFE,True
2.4167,145,MH_VL_008,12.9832,80.2234,0.697,0.000666,0.002117,0.1472,1.44,0.0,0.0,0.0,20.61,0.0,20.61,FLOODED,True
2.4167,145,MH_VL_009,12.9857,80.2255,0.017,8e-06,5.4e-05,0.0,0.0,5.4e-05,5.4e-05,0.016,0.73,0.02,0.73,SAFE,True
2.4167,145,MH_VL_010,12.9667,80.2265,0.311,7.8e-05,8.1e-05,0.4161,0.02,0.0,0.0,0.0,0.2,0.0,0.2,SAFE,False
2.4167,145,MH_VL_011,12.9867,80.2195,0.005,6e-06,6e-06,0.2991,0.0,0.0,0.0,0.0,0.13,0.0,0.13,SAFE,False
2.4167,145,MH_VL_012,12.9739,80.2268,16.876,0.006748,0.006751,0.186,3.63,0.0,0.0,0.0,13.69,0.0,13.69,CAUTION,False
2.4167,145,MH_VL_013,12.9802,80.2143,0.188,4.7e-05,4.7e-05,0.4145,0.01,0.0,0.0,0.0,13.93,0.0,13.93,CAUTION,False
2.4167,145,MH_VL_014,12.9745,80.2347,0.161,6.4e-05,0.01256,0.0,0.0,0.01256,0.01256,3.768,0.15,4.19,4.19,SAFE,True
2.4167,145,MH_VL_015,12.9821,80.2311,6.136,0.001753,0.012448,0.1284,9.69,0.0,0.0,0.0,8.18,0.0,8.18,CAUTION,False
2.4167,145,MH_VL_016,12.9851,80.22,0.057,1.6e-05,1.6e-05,0.5398,0.0,0.0,0.0,0.0,4.42,0.0,4.42,SAFE,False
2.4167,145,MH_VL_017,12.9792,80.2279,4.979,0.003929,0.003945,0.5421,0.73,0.0,0.0,0.0,5.26,0.0,5.26,CAUTION,False
2.4167,145,MH_VL_018,12.9871,80.2261,0.002,1e-06,1e-06,0.4969,0.0,0.0,0.0,0.0,0.0,0.0,0.0,SAFE,False
2.4167,145,MH_VL_019,12.9836,80.2235,0.417,0.000153,0.002378,0.0,0.0,0.002378,0.002378,0.713,5.97,0.95,5.97,CAUTION,True
2.4167,145,MH_VL_020,12.9796,80.219,8.249,0.005927,0.005927,1.4753,0.4,0.0,0.0,0.0,64.47,0.0,64.47,FLOODED,True
2.4167,145,MH_VL_021,12.9839,80.2315,1.231,0.000955,0.005763,0.0,0.0,0.005763,0.005763,1.729,4.92,1.34,4.92,SAFE,True
2.4167,145,MH_VL_022,12.982,80.2249,1.557,0.00197,0.00197,0.8511,0.23,0.0,0.0,0.0,16.55,0.0,16.55,FLOODED,True
2.4167,145,MH_VL_023,12.9767,80.2163,5.751,0.001417,0.001417,1.0722,0.13,0.0,0.0,0.0,67.15,0.0,67.15,FLOODED,True
2.4167,145,MH_VL_024,12.9679,80.2321,0.005,3e-06,0.002388,0.0,0.0,0.002388,0.002388,0.716,0.0,0.75,0.75,SAFE,True
2.4167,145,MH_VL_025,12.9723,80.214,0.559,0.000269,0.000269,1.9701,0.01,0.0,0.0,0.0,0.6,0.0,0.6,SAFE,False
2.4167,145,MH_VL_026,12.9716,80.2225,35.189,0.02525,0.02525,0.0,0.0,0.02525,0.02525,7.575,76.06,3.85,76.06,FLOODED,True
2.4167,145,MH_VL_027,12.9868,80.2175,0.002,1e-06,1e-06,0.6562,0.0,0.0,0.0,0.0,0.02,0.0,0.02,SAFE,False
2.4167,145,MH_VL_028,12.9688,80.2291,0.318,0.000125,0.004398,0.0,0.0,0.004398,0.004398,1.32,0.2,1.22,1.22,SAFE,True
2.4167,145,MH_VL_029,12.98,80.2222,12.096,0.0041,0.004107,0.4247,0.97,0.0,0.0,0.0,2.91,0.0,2.91,SAFE,False
2.4167,145,MH_VL_030,12.9858,80.2177,0.008,2e-06,8e-06,0.0,0.0,8e-06,8e-06,0.002,0.06,0.0,0.06,SAFE,True
2.4167,145,MH_VL_031,12.9887,80.2121,0.0,0.0,1.3e-05,1.1871,0.0,0.0,0.0,0.0,0.0,0.0,0.0,SAFE,False
2.4167,145,MH_VL_032,12.9783,80.2131,0.139,4.6e-05,4.6e-05,1.1386,0.0,0.0,0.0,0.0,15.88,0.0,15.88,FLOODED,True
2.4167,145,MH_VL_033,12.9691,80.2232,7.627,0.002772,0.002772,0.7546,0.37,0.0,0.0,0.0,6.27,0.0,6.27,CAUTION,False
2.4167,145,MH_VL_034,12.9882,80.2289,0.0,0.0,0.011091,0.0,0.0,0.011091,0.011091,3.327,0.08,5.74,5.74,CAUTION,True
2.4167,145,MH_VL_035,12.975,80.2268,17.805,0.007318,0.008319,0.5575,1.49,0.0,0.0,0.0,3.54,0.0,3.54,SAFE,False
2.4167,145,MH_VL_036,12.9763,80.2162,5.808,0.001911,0.001911,3.8254,0.05,0.0,0.0,0.0,11.8,0.0,11.8,CAUTION,False
2.4167,145,MH_VL_037,12.9788,80.2247,17.37,0.003867,0.00481,0.0,0.0,0.00481,0.00481,1.443,64.64,2.67,64.64,FLOODED,True
2.4167,145,MH_VL_038,12.9665,80.2117,0.001,0.0,0.0,5.9913,0.0,0.0,0.0,0.0,0.0,0.0,0.0,SAFE,False
2.4167,145,MH_VL_039,12.971,80.2267,7.415,0.005435,0.005435,0.862,0.63,0.0,0.0,0.0,0.17,0.0,0.17,SAFE,False
2.4167,145,MH_VL_040,12.9884,80.2243,0.0,0.0,0.005441,0.0,0.0,0.005441,0.005441,1.632,0.02,0.57,0.57,SAFE,True
2.4167,145,MH_VL_041,12.9852,80.2148,0.002,1e-06,1e-06,1.2129,0.0,0.0,0.0,0.0,0.51,0.0,0.51,SAFE,False
2.4167,145,MH_VL_042,12.9756,80.2217,65.954,0.012201,0.012207,0.0,0.0,0.012207,0.012207,3.662,97.21,8.32,97.21,FLOODED,True
2.4167,145,MH_VL_043,12.9896,80.2125,0.0,0.0,1e-05,4.4582,0.0,0.0,0.0,0.0,0.0,0.0,0.0,SAFE,False
2.4167,145,MH_VL_044,12.9677,80.2148,0.073,2.7e-05,2.7e-05,2.9329,0.0,0.0,0.0,0.0,0.16,0.0,0.16,SAFE,False
2.4167,145,MH_VL_045,12.9696,80.2216,11.66,0.004324,0.00434,3.2312,0.13,0.0,0.0,0.0,69.96,0.0,69.96,FLOODED,True
2.4167,145,MH_VL_046,12.9864,80.2124,0.0,0.0,0.0,3.2114,0.0,0.0,0.0,0.0,0.02,0.0,0.02,SAFE,False
2.4167,145,MH_VL_047,12.9892,80.2332,0.0,0.0,0.00601,0.0,0.0,0.00601,0.00601,1.803,0.0,1.62,1.62,SAFE,True
2.4167,145,MH_VL_048,12.977,80.2316,6.422,0.00167,0.00167,1.2624,0.13,0.0,0.0,0.0,0.44,0.0,0.44,SAFE,False
2.4167,145,MH_VL_049,12.9896,80.2166,0.0,0.0,0.0,5.3659,0.0,0.0,0.0,0.0,0.0,0.0,0.0,SAFE,False
2.4167,145,MH_VL_050,12.9889,80.2349,0.0,0.0,0.0,0.0,0.0,0.0,0.0,0.0,0.0,0.0,0.0,SAFE,True
2.5,150,MH_VL_001,12.981,80.2106,0.01,3e-06,3e-06,0.427,0.0,0.0,0.0,0.0,0.01,0.0,0.01,SAFE,False
2.5,150,MH_VL_002,12.9834,80.2269,0.256,6.9e-05,7.2e-05,0.0,0.0,7.2e-05,7.2e-05,0.022,4.8,0.04,4.8,SAFE,True
2.5,150,MH_VL_003,12.9658,80.2123,0.001,0.0,0.0,1.0287,0.0,0.0,0.0,0.0,0.01,0.0,0.01,SAFE,False
2.5,150,MH_VL_004,12.979,80.2279,5.22,0.001841,0.003088,0.0,0.0,0.003088,0.003088,0.926,73.86,1.29,73.86,FLOODED,True
2.5,150,MH_VL_005,12.9762,80.217,9.826,0.002533,0.002533,0.4434,0.57,0.0,0.0,0.0,71.29,0.0,71.29,FLOODED,True
2.5,150,MH_VL_006,12.9735,80.2139,0.598,0.000157,0.000157,0.4845,0.03,0.0,0.0,0.0,24.08,0.0,24.08,FLOODED,True
2.5,150,MH_VL_007,12.9674,80.2312,0.013,4e-06,0.002132,0.0,0.0,0.002132,0.002132,0.639,0.01,0.78,0.78,SAFE,True
2.5,150,MH_VL_008,12.9832,80.2234,0.673,0.000643,0.001971,0.1472,1.34,0.0,0.0,0.0,21.84,0.0,21.84,FLOODED,True
2.5,150,MH_VL_009,12.9857,80.2255,0.017,8e-06,5.9e-05,0.0,0.0,5.9e-05,5.9e-05,0.018,0.74,0.02,0.74,SAFE,True
2.5,150,MH_VL_010,12.9667,80.2265,0.351,8.9e-05,9.1e-05,0.4161,0.02,0.0,0.0,0.0,0.23,0.0,0.23,SAFE,False
2.5,150,MH_VL_011,12.9867,80.2195,0.004,5e-06,5e-06,0.2991,0.0,0.0,0.0,0.0,0.14,0.0,0.14,SAFE,False
2.5,150,MH_VL_012,12.9739,80.2268,18.267,0.007304,0.007307,0.186,3.93,0.0,0.0,0.0,15.22,0.0,15.22,FLOODED,True
2.5,150,MH_VL_013,12.9802,80.2143,0.159,4e-05,4e-05,0.4145,0.01,0.0,0.0,0.0,14.05,0.0,14.05,CAUTION,False
2.5,150,MH_VL_014,12.9745,80.2347,0.19,7.6e-05,0.012932,0.0,0.0,0.012932,0.012932,3.88,0.18,4.31,4.31,SAFE,True
2.5,150,MH_VL_015,12.9821,80.2311,5.823,0.001663,0.012816,0.1284,9.98,0.0,0.0,0.0,8.23,0.0,8.23,CAUTION,False
2.5,150,MH_VL_016,12.9851,80.22,0.051,1.4e-05,1.4e-05,0.5398,0.0,0.0,0.0,0.0,4.56,0.0,4.56,SAFE,False
2.5,150,MH_VL_017,12.9792,80.2279,4.855,0.003831,0.003846,0.5421,0.71,0.0,0.0,0.0,5.06,0.0,5.06,CAUTION,False
2.5,150,MH_VL_018,12.9871,80.2261,0.002,1e-06,1e-06,0.4969,0.0,0.0,0.0,0.0,0.0,0.0,0.0,SAFE,False
2.5,150,MH_VL_019,12.9836,80.2235,0.402,0.000147,0.002193,0.0,0.0,0.002193,0.002193,0.658,6.24,0.88,6.24,CAUTION,True
2.5,150,MH_VL_020,12.9796,80.219,7.584,0.005449,0.005449,1.4753,0.37,0.0,0.0,0.0,64.22,0.0,64.22,FLOODED,True
2.5,150,MH_VL_021,12.9839,80.2315,1.159,0.000899,0.005402,0.0,0.0,0.005402,0.005402,1.621,5.1,1.26,5.1,CAUTION,True
2.5,150,MH_VL_022,12.982,80.2249,1.548,0.00196,0.00196,0.8511,0.23,0.0,0.0,0.0,17.02,0.0,17.02,FLOODED,True
2.5,150,MH_VL_023,12.9767,80.2163,5.151,0.001269,0.001269,1.0722,0.12,0.0,0.0,0.0,66.66,0.0,66.66,FLOODED,True
2.5,150,MH_VL_024,12.9679,80.2321,0.007,3e-06,0.002224,0.0,0.0,0.002224,0.002224,0.667,0.0,0.7,0.7,SAFE,True
2.5,150,MH_VL_025,12.9723,80.214,0.495,0.000239,0.000239,1.9701,0.01,0.0,0.0,0.0,0.55,0.0,0.55,SAFE,False
2.5,150,MH_VL_026,12.9716,80.2225,36.058,0.025873,0.025873,0.0,0.0,0.025873,0.025873,7.762,76.64,3.94,76.64,FLOODED,True
2.5,150,MH_VL_027,12.9868,80.2175,0.001,0.0,0.0,0.6562,0.0,0.0,0.0,0.0,0.02,0.0,0.02,SAFE,False
2.5,150,MH_VL_028,12.9688,80.2291,0.369,0.000145,0.004262,0.0,0.0,0.004262,0.004262,1.279,0.23,1.18,1.18,SAFE,True
2.5,150,MH_VL_029,12.98,80.2222,11.693,0.003963,0.003969,0.4247,0.93,0.0,0.0,0.0,2.84,0.0,2.84,SAFE,False
2.5,150,MH_VL_030,12.9858,80.2177,0.007,2e-06,7e-06,0.0,0.0,7e-06,7e-06,0.002,0.05,0.0,0.05,SAFE,True
2.5,150,MH_VL_031,12.9887,80.2121,0.0,0.0,1.1e-05,1.1871,0.0,0.0,0.0,0.0,0.0,0.0,0.0,SAFE,False
2.5,150,MH_VL_032,12.9783,80.2131,0.117,3.8e-05,3.8e-05,1.1386,0.0,0.0,0.0,0.0,16.04,0.0,16.04,FLOODED,True
2.5,150,MH_VL_033,12.9691,80.2232,8.039,0.002921,0.002921,0.7546,0.39,0.0,0.0,0.0,6.92,0.0,6.92,CAUTION,False
2.5,150,MH_VL_034,12.9882,80.2289,0.0,0.0,0.011681,0.0,0.0,0.011681,0.011681,3.504,0.08,6.04,6.04,CAUTION,True
2.5,150,MH_VL_035,12.975,80.2268,19.134,0.007864,0.00876,0.5575,1.57,0.0,0.0,0.0,3.84,0.0,3.84,SAFE,False
2.5,150,MH_VL_036,12.9763,80.2162,5.205,0.001713,0.001713,3.8254,0.04,0.0,0.0,0.0,11.26,0.0,11.26,CAUTION,False
2.5,150,MH_VL_037,12.9788,80.2247,17.6,0.003918,0.004764,0.0,0.0,0.004764,0.004764,1.429,64.73,2.65,64.73,FLOODED,True
2.5,150,MH_VL_038,12.9665,80.2117,0.001,0.0,0.0,5.9913,0.0,0.0,0.0,0.0,0.0,0.0,0.0,SAFE,False
2.5,150,MH_VL_039,12.971,80.2267,8.166,0.005985,0.005985,0.862,0.69,0.0,0.0,0.0,0.18,0.0,0.18,SAFE,False
2.5,150,MH_VL_040,12.9884,80.2243,0.0,0.0,0.005991,0.0,0.0,0.005991,0.005991,1.797,0.02,0.62,0.62,SAFE,True
2.5,150,MH_VL_041,12.9852,80.2148,0.002,1e-06,1e-06,1.2129,0.0,0.0,0.0,0.0,0.52,0.0,0.52,SAFE,False
2.5,150,MH_VL_042,12.9756,80.2217,64.98,0.012021,0.012026,0.0,0.0,0.012026,0.012026,3.608,97.17,8.2,97.17,FLOODED,True
2.5,150,MH_VL_043,12.9896,80.2125,0.0,0.0,9e-06,4.4582,0.0,0.0,0.0,0.0,0.0,0.0,0.0,SAFE,False
2.5,150,MH_VL_044,12.9677,80.2148,0.067,2.5e-05,2.5e-05,2.9329,0.0,0.0,0.0,0.0,0.16,0.0,0.16,SAFE,False
2.5,150,MH_VL_045,12.9696,80.2216,11.927,0.004423,0.004438,3.2312,0.14,0.0,0.0,0.0,70.42,0.0,70.42,FLOODED,True
2.5,150,MH_VL_046,12.9864,80.2124,0.0,0.0,0.0,3.2114,0.0,0.0,0.0,0.0,0.02,0.0,0.02,SAFE,False
2.5,150,MH_VL_047,12.9892,80.2332,0.0,0.0,0.006168,0.0,0.0,0.006168,0.006168,1.85,0.0,1.67,1.67,SAFE,True
2.5,150,MH_VL_048,12.977,80.2316,6.653,0.00173,0.00173,1.2624,0.14,0.0,0.0,0.0,0.46,0.0,0.46,SAFE,False
2.5,150,MH_VL_049,12.9896,80.2166,0.0,0.0,0.0,5.3659,0.0,0.0,0.0,0.0,0.0,0.0,0.0,SAFE,False
2.5,150,MH_VL_050,12.9889,80.2349,0.0,0.0,0.0,0.0,0.0,0.0,0.0,0.0,0.0,0.0,0.0,SAFE,True
2.5833,155,MH_VL_001,12.981,80.2106,0.009,3e-06,3e-06,0.427,0.0,0.0,0.0,0.0,0.01,0.0,0.01,SAFE,False
2.5833,155,MH_VL_002,12.9834,80.2269,0.239,6.4e-05,6.7e-05,0.0,0.0,6.7e-05,6.7e-05,0.02,4.85,0.03,4.85,SAFE,True
2.5833,155,MH_VL_003,12.9658,80.2123,0.001,1e-06,1e-06,1.0287,0.0,0.0,0.0,0.0,0.02,0.0,0.02,SAFE,False
2.5833,155,MH_VL_004,12.979,80.2279,5.175,0.001825,0.002957,0.0,0.0,0.002957,0.002957,0.887,73.53,1.23,73.53,FLOODED,True
2.5833,155,MH_VL_005,12.9762,80.217,8.922,0.0023,0.0023,0.4434,0.52,0.0,0.0,0.0,70.57,0.0,70.57,FLOODED,True
2.5833,155,MH_VL_006,12.9735,80.2139,0.525,0.000138,0.000138,0.4845,0.03,0.0,0.0,0.0,24.45,0.0,24.45,FLOODED,True
2.5833,155,MH_VL_007,12.9674,80.2312,0.016,5e-06,0.001975,0.0,0.0,0.001975,0.001975,0.593,0.01,0.72,0.72,SAFE,True
2.5833,155,MH_VL_008,12.9832,80.2234,0.648,0.000619,0.001832,0.1472,1.24,0.0,0.0,0.0,23.07,0.0,23.07,FLOODED,True
2.5833,155,MH_VL_009,12.9857,80.2255,0.017,8e-06,6.5e-05,0.0,0.0,6.5e-05,6.5e-05,0.019,0.75,0.02,0.75,SAFE,True
2.5833,155,MH_VL_010,12.9667,80.2265,0.395,0.0001,0.000102,0.4161,0.02,0.0,0.0,0.0,0.26,0.0,0.26,SAFE,False
2.5833,155,MH_VL_011,12.9867,80.2195,0.004,5e-06,5e-06,0.2991,0.0,0.0,0.0,0.0,0.14,0.0,0.14,SAFE,False
2.5833,155,MH_VL_012,12.9739,80.2268,19.738,0.007892,0.007895,0.186,4.24,0.0,0.0,0.0,16.87,0.0,16.87,FLOODED,True
2.5833,155,MH_VL_013,12.9802,80.2143,0.135,3.4e-05,3.4e-05,0.4145,0.01,0.0,0.0,0.0,14.16,0.0,14.16,CAUTION,False
2.5833,155,MH_VL_014,12.9745,80.2347,0.223,8.9e-05,0.013359,0.0,0.0,0.013359,0.013359,4.008,0.22,4.45,4.45,SAFE,True
2.5833,155,MH_VL_015,12.9821,80.2311,5.495,0.00157,0.013236,0.1284,10.31,0.0,0.0,0.0,8.24,0.0,8.24,CAUTION,False
2.5833,155,MH_VL_016,12.9851,80.22,0.046,1.3e-05,1.3e-05,0.5398,0.0,0.0,0.0,0.0,4.7,0.0,4.7,SAFE,False
2.5833,155,MH_VL_017,12.9792,80.2279,4.763,0.003758,0.003772,0.5421,0.7,0.0,0.0,0.0,4.87,0.0,4.87,SAFE,False
2.5833,155,MH_VL_018,12.9871,80.2261,0.002,1e-06,1e-06,0.4969,0.0,0.0,0.0,0.0,0.0,0.0,0.0,SAFE,False
2.5833,155,MH_VL_019,12.9836,80.2235,0.386,0.000141,0.002017,0.0,0.0,0.002017,0.002017,0.605,6.51,0.81,6.51,CAUTION,True
2.5833,155,MH_VL_020,12.9796,80.219,6.954,0.004997,0.004997,1.4753,0.34,0.0,0.0,0.0,63.97,0.0,63.97,FLOODED,True
2.5833,155,MH_VL_021,12.9839,80.2315,1.083,0.00084,0.005052,0.0,0.0,0.005052,0.005052,1.516,5.26,1.17,5.26,CAUTION,True
2.5833,155,MH_VL_022,12.982,80.2249,1.536,0.001944,0.001944,0.8511,0.23,0.0,0.0,0.0,17.49,0.0,17.49,FLOODED,True
2.5833,155,MH_VL_023,12.9767,80.2163,4.607,0.001135,0.001135,1.0722,0.11,0.0,0.0,0.0,66.17,0.0,66.17,FLOODED,True
2.5833,155,MH_VL_024,12.9679,80.2321,0.008,4e-06,0.002074,0.0,0.0,0.002074,0.002074,0.622,0.0,0.65,0.65,SAFE,True
2.5833,155,MH_VL_025,12.9723,80.214,0.439,0.000211,0.000211,1.9701,0.01,0.0,0.0,0.0,0.5,0.0,0.5,SAFE,False
2.5833,155,MH_VL_026,12.9716,80.2225,36.849,0.026441,0.026441,0.0,0.0,0.026441,0.026441,7.932,77.21,4.03,77.21,FLOODED,True
2.5833,155,MH_VL_027,12.9868,80.2175,0.001,0.0,0.0,0.6562,0.0,0.0,0.0,0.0,0.02,0.0,0.02,SAFE,False
2.5833,155,MH_VL_028,12.9688,80.2291,0.428,0.000168,0.004123,0.0,0.0,0.004123,0.004123,1.237,0.28,1.15,1.15,SAFE,True
2.5833,155,MH_VL_029,12.98,80.2222,11.267,0.003819,0.003824,0.4247,0.9,0.0,0.0,0.0,2.77,0.0,2.77,SAFE,False
2.5833,155,MH_VL_030,12.9858,80.2177,0.006,2e-06,6e-06,0.0,0.0,6e-06,6e-06,0.002,0.05,0.0,0.05,SAFE,True
2.5833,155,MH_VL_031,12.9887,80.2121,0.0,0.0,9e-06,1.1871,0.0,0.0,0.0,0.0,0.0,0.0,0.0,SAFE,False
2.5833,155,MH_VL_032,12.9783,80.2131,0.098,3.2e-05,3.2e-05,1.1386,0.0,0.0,0.0,0.0,16.17,0.0,16.17,FLOODED,True
2.5833,155,MH_VL_033,12.9691,80.2232,8.445,0.003069,0.003069,0.7546,0.41,0.0,0.0,0.0,7.6,0.0,7.6,CAUTION,False
2.5833,155,MH_VL_034,12.9882,80.2289,0.0,0.0,0.012305,0.0,0.0,0.012305,0.012305,3.692,0.08,6.36,6.36,CAUTION,True
2.5833,155,MH_VL_035,12.975,80.2268,20.526,0.008437,0.009237,0.5575,1.66,0.0,0.0,0.0,4.15,0.0,4.15,SAFE,False
2.5833,155,MH_VL_036,12.9763,80.2162,4.66,0.001533,0.001533,3.8254,0.04,0.0,0.0,0.0,10.68,0.0,10.68,CAUTION,False
2.5833,155,MH_VL_037,12.9788,80.2247,17.787,0.00396,0.004717,0.0,0.0,0.004717,0.004717,1.415,64.82,2.62,64.82,FLOODED,True
2.5833,155,MH_VL_038,12.9665,80.2117,0.002,1e-06,1e-06,5.9913,0.0,0.0,0.0,0.0,0.0,0.0,0.0,SAFE,False
2.5833,155,MH_VL_039,12.971,80.2267,8.974,0.006577,0.006577,0.862,0.76,0.0,0.0,0.0,0.2,0.0,0.2,SAFE,False
2.5833,155,MH_VL_040,12.9884,80.2243,0.0,0.0,0.006583,0.0,0.0,0.006583,0.006583,1.975,0.02,0.69,0.69,SAFE,True
2.5833,155,MH_VL_041,12.9852,80.2148,0.001,1e-06,1e-06,1.2129,0.0,0.0,0.0,0.0,0.52,0.0,0.52,SAFE,False
2.5833,155,MH_VL_042,12.9756,80.2217,63.867,0.011815,0.01182,0.0,0.0,0.01182,0.01182,3.546,97.13,8.06,97.13,FLOODED,True
2.5833,155,MH_VL_043,12.9896,80.2125,0.0,0.0,9e-06,4.4582,0.0,0.0,0.0,0.0,0.0,0.0,0.0,SAFE,False
2.5833,155,MH_VL_044,12.9677,80.2148,0.062,2.3e-05,2.3e-05,2.9329,0.0,0.0,0.0,0.0,0.16,0.0,0.16,SAFE,False
2.5833,155,MH_VL_045,12.9696,80.2216,12.162,0.00451,0.004524,3.2312,0.14,0.0,0.0,0.0,70.86,0.0,70.86,FLOODED,True
2.5833,155,MH_VL_046,12.9864,80.2124,0.0,0.0,0.0,3.2114,0.0,0.0,0.0,0.0,0.02,0.0,0.02,SAFE,False
2.5833,155,MH_VL_047,12.9892,80.2332,0.0,0.0,0.006306,0.0,0.0,0.006306,0.006306,1.892,0.0,1.7,1.7,SAFE,True
2.5833,155,MH_VL_048,12.977,80.2316,6.857,0.001783,0.001783,1.2624,0.14,0.0,0.0,0.0,0.48,0.0,0.48,SAFE,False
2.5833,155,MH_VL_049,12.9896,80.2166,0.0,0.0,0.0,5.3659,0.0,0.0,0.0,0.0,0.0,0.0,0.0,SAFE,False
2.5833,155,MH_VL_050,12.9889,80.2349,0.0,0.0,0.0,0.0,0.0,0.0,0.0,0.0,0.0,0.0,0.0,SAFE,True
2.6667,160,MH_VL_001,12.981,80.2106,0.009,3e-06,3e-06,0.427,0.0,0.0,0.0,0.0,0.01,0.0,0.01,SAFE,False
2.6667,160,MH_VL_002,12.9834,80.2269,0.226,6e-05,6.4e-05,0.0,0.0,6.4e-05,6.4e-05,0.019,4.89,0.03,4.89,SAFE,True
2.6667,160,MH_VL_003,12.9658,80.2123,0.001,1e-06,1e-06,1.0287,0.0,0.0,0.0,0.0,0.02,0.0,0.02,SAFE,False
2.6667,160,MH_VL_004,12.979,80.2279,5.152,0.001817,0.002841,0.0,0.0,0.002841,0.002841,0.852,73.21,1.18,73.21,FLOODED,True
2.6667,160,MH_VL_005,12.9762,80.217,8.077,0.002083,0.002083,0.4434,0.47,0.0,0.0,0.0,69.87,0.0,69.87,FLOODED,True
2.6667,160,MH_VL_006,12.9735,80.2139,0.459,0.00012,0.00012,0.4845,0.02,0.0,0.0,0.0,24.79,0.0,24.79,FLOODED,True
2.6667,160,MH_VL_007,12.9674,80.2312,0.019,6e-06,0.00183,0.0,0.0,0.00183,0.00183,0.549,0.01,0.67,0.67,SAFE,True
2.6667,160,MH_VL_008,12.9832,80.2234,0.623,0.000595,0.001703,0.1472,1.16,0.0,0.0,0.0,24.29,0.0,24.29,FLOODED,True
2.6667,160,MH_VL_009,12.9857,80.2255,0.016,8e-06,7.1e-05,0.0,0.0,7.1e-05,7.1e-05,0.021,0.75,0.03,0.75,SAFE,True
2.6667,160,MH_VL_010,12.9667,80.2265,0.443,0.000112,0.000114,0.4161,0.03,0.0,0.0,0.0,0.29,0.0,0.29,SAFE,False
2.6667,160,MH_VL_011,12.9867,80.2195,0.003,4e-06,4e-06,0.2991,0.0,0.0,0.0,0.0,0.14,0.0,0.14,SAFE,False
2.6667,160,MH_VL_012,12.9739,80.2268,21.268,0.008504,0.008506,0.186,4.57,0.0,0.0,0.0,18.66,0.0,18.66,FLOODED,True
2.6667,160,MH_VL_013,12.9802,80.2143,0.114,2.9e-05,2.9e-05,0.4145,0.01,0.0,0.0,0.0,14.25,0.0,14.25,CAUTION,False
2.6667,160,MH_VL_014,12.9745,80.2347,0.261,0.000105,0.01383,0.0,0.0,0.01383,0.01383,4.149,0.27,4.61,4.61,SAFE,True
2.6667,160,MH_VL_015,12.9821,80.2311,5.165,0.001475,0.013697,0.1284,10.67,0.0,0.0,0.0,8.21,0.0,8.21,CAUTION,False
2.6667,160,MH_VL_016,12.9851,80.22,0.041,1.2e-05,1.2e-05,0.5398,0.0,0.0,0.0,0.0,4.83,0.0,4.83,SAFE,False
2.6667,160,MH_VL_017,12.9792,80.2279,4.693,0.003703,0.003715,0.5421,0.69,0.0,0.0,0.0,4.68,0.0,4.68,SAFE,False
2.6667,160,MH_VL_018,12.9871,80.2261,0.002,1e-06,1e-06,0.4969,0.0,0.0,0.0,0.0,0.0,0.0,0.0,SAFE,False
2.6667,160,MH_VL_019,12.9836,80.2235,0.371,0.000136,0.001852,0.0,0.0,0.001852,0.001852,0.556,6.77,0.74,6.77,CAUTION,True
2.6667,160,MH_VL_020,12.9796,80.219,6.364,0.004572,0.004572,1.4753,0.31,0.0,0.0,0.0,63.72,0.0,63.72,FLOODED,True
2.6667,160,MH_VL_021,12.9839,80.2315,1.01,0.000783,0.00472,0.0,0.0,0.00472,0.00472,1.416,5.41,1.1,5.41,CAUTION,True
2.6667,160,MH_VL_022,12.982,80.2249,1.522,0.001927,0.001927,0.8511,0.23,0.0,0.0,0.0,17.96,0.0,17.96,FLOODED,True
2.6667,160,MH_VL_023,12.9767,80.2163,4.108,0.001012,0.001012,1.0722,0.09,0.0,0.0,0.0,65.69,0.0,65.69,FLOODED,True
2.6667,160,MH_VL_024,12.9679,80.2321,0.01,5e-06,0.001934,0.0,0.0,0.001934,0.001934,0.58,0.0,0.6,0.6,SAFE,True
2.6667,160,MH_VL_025,12.9723,80.214,0.387,0.000187,0.000187,1.9701,0.01,0.0,0.0,0.0,0.46,0.0,0.46,SAFE,False
2.6667,160,MH_VL_026,12.9716,80.2225,37.577,0.026963,0.026963,0.0,0.0,0.026963,0.026963,8.089,77.76,4.11,77.76,FLOODED,True
2.6667,160,MH_VL_027,12.9868,80.2175,0.001,0.0,0.0,0.6562,0.0,0.0,0.0,0.0,0.02,0.0,0.02,SAFE,False
2.6667,160,MH_VL_028,12.9688,80.2291,0.494,0.000195,0.003988,0.0,0.0,0.003988,0.003988,1.196,0.33,1.11,1.11,SAFE,True
2.6667,160,MH_VL_029,12.98,80.2222,10.839,0.003674,0.003678,0.4247,0.87,0.0,0.0,0.0,2.69,0.0,2.69,SAFE,False
2.6667,160,MH_VL_030,12.9858,80.2177,0.005,1e-06,5e-06,0.0,0.0,5e-06,5e-06,0.001,0.05,0.0,0.05,SAFE,True
2.6667,160,MH_VL_031,12.9887,80.2121,0.0,0.0,8e-06,1.1871,0.0,0.0,0.0,0.0,0.0,0.0,0.0,SAFE,False
2.6667,160,MH_VL_032,12.9783,80.2131,0.082,2.7e-05,2.7e-05,1.1386,0.0,0.0,0.0,0.0,16.28,0.0,16.28,FLOODED,True
2.6667,160,MH_VL_033,12.9691,80.2232,8.857,0.003219,0.003219,0.7546,0.43,0.0,0.0,0.0,8.34,0.0,8.34,CAUTION,False
2.6667,160,MH_VL_034,12.9882,80.2289,0.0,0.0,0.012957,0.0,0.0,0.012957,0.012957,3.887,0.08,6.7,6.7,CAUTION,True
2.6667,160,MH_VL_035,12.975,80.2268,21.96,0.009026,0.009738,0.5575,1.75,0.0,0.0,0.0,4.47,0.0,4.47,SAFE,False
2.6667,160,MH_VL_036,12.9763,80.2162,4.158,0.001368,0.001368,3.8254,0.04,0.0,0.0,0.0,10.55,0.0,10.55,CAUTION,False
2.6667,160,MH_VL_037,12.9788,80.2247,17.94,0.003994,0.004669,0.0,0.0,0.004669,0.004669,1.401,64.9,2.59,64.9,FLOODED,True
2.6667,160,MH_VL_038,12.9665,80.2117,0.002,1e-06,1e-06,5.9913,0.0,0.0,0.0,0.0,0.0,0.0,0.0,SAFE,False
2.6667,160,MH_VL_039,12.971,80.2267,9.838,0.00721,0.00721,0.862,0.84,0.0,0.0,0.0,0.22,0.0,0.22,SAFE,False
2.6667,160,MH_VL_040,12.9884,80.2243,0.0,0.0,0.007215,0.0,0.0,0.007215,0.007215,2.165,0.02,0.75,0.75,SAFE,True
2.6667,160,MH_VL_041,12.9852,80.2148,0.001,0.0,0.0,1.2129,0.0,0.0,0.0,0.0,0.53,0.0,0.53,SAFE,False
2.6667,160,MH_VL_042,12.9756,80.2217,62.623,0.011585,0.011589,0.0,0.0,0.011589,0.011589,3.477,97.07,7.9,97.07,FLOODED,True
2.6667,160,MH_VL_043,12.9896,80.2125,0.0,0.0,8e-06,4.4582,0.0,0.0,0.0,0.0,0.0,0.0,0.0,SAFE,False
2.6667,160,MH_VL_044,12.9677,80.2148,0.057,2.1e-05,2.1e-05,2.9329,0.0,0.0,0.0,0.0,0.16,0.0,0.16,SAFE,False
2.6667,160,MH_VL_045,12.9696,80.2216,12.38,0.00459,0.004604,3.2312,0.14,0.0,0.0,0.0,71.3,0.0,71.3,FLOODED,True
2.6667,160,MH_VL_046,12.9864,80.2124,0.0,0.0,0.0,3.2114,0.0,0.0,0.0,0.0,0.02,0.0,0.02,SAFE,False
2.6667,160,MH_VL_047,12.9892,80.2332,0.0,0.0,0.006434,0.0,0.0,0.006434,0.006434,1.93,0.0,1.74,1.74,SAFE,True
2.6667,160,MH_VL_048,12.977,80.2316,7.039,0.00183,0.00183,1.2624,0.14,0.0,0.0,0.0,0.5,0.0,0.5,SAFE,False
2.6667,160,MH_VL_049,12.9896,80.2166,0.0,0.0,0.0,5.3659,0.0,0.0,0.0,0.0,0.0,0.0,0.0,SAFE,False
2.6667,160,MH_VL_050,12.9889,80.2349,0.0,0.0,0.0,0.0,0.0,0.0,0.0,0.0,0.0,0.0,0.0,SAFE,True
2.75,165,MH_VL_001,12.981,80.2106,0.009,3e-06,3e-06,0.427,0.0,0.0,0.0,0.0,0.01,0.0,0.01,SAFE,False
2.75,165,MH_VL_002,12.9834,80.2269,0.215,5.7e-05,6e-05,0.0,0.0,6e-05,6e-05,0.018,4.92,0.03,4.92,SAFE,True
2.75,165,MH_VL_003,12.9658,80.2123,0.001,1e-06,1e-06,1.0287,0.0,0.0,0.0,0.0,0.02,0.0,0.02,SAFE,False
2.75,165,MH_VL_004,12.979,80.2279,5.152,0.001817,0.002743,0.0,0.0,0.002743,0.002743,0.823,72.91,1.14,72.91,FLOODED,True
2.75,165,MH_VL_005,12.9762,80.217,7.296,0.001881,0.001881,0.4434,0.42,0.0,0.0,0.0,69.2,0.0,69.2,FLOODED,True
2.75,165,MH_VL_006,12.9735,80.2139,0.401,0.000105,0.000105,0.4845,0.02,0.0,0.0,0.0,25.08,0.0,25.08,FLOODED,True
2.75,165,MH_VL_007,12.9674,80.2312,0.023,7e-06,0.001694,0.0,0.0,0.001694,0.001694,0.508,0.02,0.62,0.62,SAFE,True
2.75,165,MH_VL_008,12.9832,80.2234,0.596,0.00057,0.001582,0.1472,1.07,0.0,0.0,0.0,25.49,0.0,25.49,FLOODED,True
2.75,165,MH_VL_009,12.9857,80.2255,0.016,7e-06,7.8e-05,0.0,0.0,7.8e-05,7.8e-05,0.023,0.76,0.03,0.76,SAFE,True
2.75,165,MH_VL_010,12.9667,80.2265,0.496,0.000125,0.000127,0.4161,0.03,0.0,0.0,0.0,0.33,0.0,0.33,SAFE,False
2.75,165,MH_VL_011,12.9867,80.2195,0.003,4e-06,4e-06,0.2991,0.0,0.0,0.0,0.0,0.14,0.0,0.14,SAFE,False
2.75,165,MH_VL_012,12.9739,80.2268,22.867,0.009143,0.009145,0.186,4.92,0.0,0.0,0.0,20.59,0.0,20.59,FLOODED,True
2.75,165,MH_VL_013,12.9802,80.2143,0.096,2.4e-05,2.4e-05,0.4145,0.01,0.0,0.0,0.0,14.32,0.0,14.32,CAUTION,False
2.75,165,MH_VL_014,12.9745,80.2347,0.303,0.000122,0.01435,0.0,0.0,0.01435,0.01435,4.305,0.33,4.78,4.78,SAFE,True
2.75,165,MH_VL_015,12.9821,80.2311,4.83,0.00138,0.014204,0.1284,11.06,0.0,0.0,0.0,8.13,0.0,8.13,CAUTION,False
2.75,165,MH_VL_016,12.9851,80.22,0.037,1e-05,1e-05,0.5398,0.0,0.0,0.0,0.0,4.95,0.0,4.95,SAFE,False
2.75,165,MH_VL_017,12.9792,80.2279,4.649,0.003668,0.003679,0.5421,0.68,0.0,0.0,0.0,4.51,0.0,4.51,SAFE,False
2.75,165,MH_VL_018,12.9871,80.2261,0.002,1e-06,1e-06,0.4969,0.0,0.0,0.0,0.0,0.0,0.0,0.0,SAFE,False
2.75,165,MH_VL_019,12.9836,80.2235,0.355,0.00013,0.001697,0.0,0.0,0.001697,0.001697,0.509,7.03,0.68,7.03,CAUTION,True
2.75,165,MH_VL_020,12.9796,80.219,5.807,0.004173,0.004173,1.4753,0.28,0.0,0.0,0.0,63.49,0.0,63.49,FLOODED,True
2.75,165,MH_VL_021,12.9839,80.2315,0.936,0.000726,0.0044,0.0,0.0,0.0044,0.0044,1.32,5.56,1.02,5.56,CAUTION,True
2.75,165,MH_VL_022,12.982,80.2249,1.504,0.001904,0.001904,0.8511,0.22,0.0,0.0,0.0,18.43,0.0,18.43,FLOODED,True
2.75,165,MH_VL_023,12.9767,80.2163,3.655,0.0009,0.0009,1.0722,0.08,0.0,0.0,0.0,65.23,0.0,65.23,FLOODED,True
2.75,165,MH_VL_024,12.9679,80.2321,0.012,6e-06,0.001805,0.0,0.0,0.001805,0.001805,0.542,0.0,0.56,0.56,SAFE,True
2.75,165,MH_VL_025,12.9723,80.214,0.341,0.000164,0.000164,1.9701,0.01,0.0,0.0,0.0,0.42,0.0,0.42,SAFE,False
2.75,165,MH_VL_026,12.9716,80.2225,38.225,0.027428,0.027428,0.0,0.0,0.027428,0.027428,8.228,78.28,4.18,78.28,FLOODED,True
2.75,165,MH_VL_027,12.9868,80.2175,0.001,0.0,0.0,0.6562,0.0,0.0,0.0,0.0,0.02,0.0,0.02,SAFE,False
2.75,165,MH_VL_028,12.9688,80.2291,0.569,0.000224,0.003853,0.0,0.0,0.003853,0.003853,1.156,0.39,1.07,1.07,SAFE,True
2.75,165,MH_VL_029,12.98,80.2222,10.398,0.003524,0.003527,0.4247,0.83,0.0,0.0,0.0,2.61,0.0,2.61,SAFE,False
2.75,165,MH_VL_030,12.9858,80.2177,0.004,1e-06,4e-06,0.0,0.0,4e-06,4e-06,0.001,0.04,0.0,0.04,SAFE,True
2.75,165,MH_VL_031,12.9887,80.2121,0.0,0.0,6e-06,1.1871,0.0,0.0,0.0,0.0,0.0,0.0,0.0,SAFE,False
2.75,165,MH_VL_032,12.9783,80.2131,0.068,2.3e-05,2.3e-05,1.1386,0.0,0.0,0.0,0.0,16.37,0.0,16.37,FLOODED,True
2.75,165,MH_VL_033,12.9691,80.2232,9.263,0.003366,0.003366,0.7546,0.45,0.0,0.0,0.0,9.11,0.0,9.11,CAUTION,False
2.75,165,MH_VL_034,12.9882,80.2289,0.0,0.0,0.013635,0.0,0.0,0.013635,0.013635,4.091,0.08,7.05,7.05,CAUTION,True
2.75,165,MH_VL_035,12.975,80.2268,23.443,0.009636,0.010269,0.5575,1.84,0.0,0.0,0.0,4.81,0.0,4.81,SAFE,False
2.75,165,MH_VL_036,12.9763,80.2162,3.703,0.001218,0.001218,3.8254,0.03,0.0,0.0,0.0,10.61,0.0,10.61,CAUTION,False
2.75,165,MH_VL_037,12.9788,80.2247,18.048,0.004018,0.004619,0.0,0.0,0.004619,0.004619,1.386,64.97,2.57,64.97,FLOODED,True
2.75,165,MH_VL_038,12.9665,80.2117,0.002,1e-06,1e-06,5.9913,0.0,0.0,0.0,0.0,0.0,0.0,0.0,SAFE,False
2.75,165,MH_VL_039,12.971,80.2267,10.758,0.007884,0.007884,0.862,0.91,0.0,0.0,0.0,0.25,0.0,0.25,SAFE,False
2.75,165,MH_VL_040,12.9884,80.2243,0.0,0.0,0.007889,0.0,0.0,0.007889,0.007889,2.367,0.02,0.82,0.82,SAFE,True
2.75,165,MH_VL_041,12.9852,80.2148,0.001,0.0,0.0,1.2129,0.0,0.0,0.0,0.0,0.53,0.0,0.53,SAFE,False
2.75,165,MH_VL_042,12.9756,80.2217,61.264,0.011334,0.011337,0.0,0.0,0.011337,0.011337,3.401,97.01,7.73,97.01,FLOODED,True
2.75,165,MH_VL_043,12.9896,80.2125,0.0,0.0,7e-06,4.4582,0.0,0.0,0.0,0.0,0.0,0.0,0.0,SAFE,False
2.75,165,MH_VL_044,12.9677,80.2148,0.053,2e-05,2e-05,2.9329,0.0,0.0,0.0,0.0,0.17,0.0,0.17,SAFE,False
2.75,165,MH_VL_045,12.9696,80.2216,12.567,0.00466,0.004672,3.2312,0.14,0.0,0.0,0.0,71.71,0.0,71.71,FLOODED,True
2.75,165,MH_VL_046,12.9864,80.2124,0.0,0.0,0.0,3.2114,0.0,0.0,0.0,0.0,0.02,0.0,0.02,SAFE,False
2.75,165,MH_VL_047,12.9892,80.2332,0.0,0.0,0.006542,0.0,0.0,0.006542,0.006542,1.963,0.0,1.77,1.77,SAFE,True
2.75,165,MH_VL_048,12.977,80.2316,7.194,0.00187,0.00187,1.2624,0.15,0.0,0.0,0.0,0.52,0.0,0.52,SAFE,False
2.75,165,MH_VL_049,12.9896,80.2166,0.0,0.0,0.0,5.3659,0.0,0.0,0.0,0.0,0.0,0.0,0.0,SAFE,False
2.75,165,MH_VL_050,12.9889,80.2349,0.0,0.0,0.0,0.0,0.0,0.0,0.0,0.0,0.0,0.0,0.0,SAFE,True
2.8333,170,MH_VL_001,12.981,80.2106,0.008,3e-06,3e-06,0.427,0.0,0.0,0.0,0.0,0.01,0.0,0.01,SAFE,False
2.8333,170,MH_VL_002,12.9834,80.2269,0.206,5.5e-05,5.8e-05,0.0,0.0,5.8e-05,5.8e-05,0.017,4.96,0.03,4.96,SAFE,True
2.8333,170,MH_VL_003,12.9658,80.2123,0.001,1e-06,1e-06,1.0287,0.0,0.0,0.0,0.0,0.02,0.0,0.02,SAFE,False
2.8333,170,MH_VL_004,12.979,80.2279,5.176,0.001825,0.00266,0.0,0.0,0.00266,0.00266,0.798,72.62,1.11,72.62,FLOODED,True
2.8333,170,MH_VL_005,12.9762,80.217,6.576,0.001696,0.001696,0.4434,0.38,0.0,0.0,0.0,68.56,0.0,68.56,FLOODED,True
2.8333,170,MH_VL_006,12.9735,80.2139,0.35,9.2e-05,9.2e-05,0.4845,0.02,0.0,0.0,0.0,25.35,0.0,25.35,FLOODED,True
2.8333,170,MH_VL_007,12.9674,80.2312,0.028,9e-06,0.001569,0.0,0.0,0.001569,0.001569,0.471,0.02,0.57,0.57,SAFE,True
2.8333,170,MH_VL_008,12.9832,80.2234,0.57,0.000545,0.001469,0.1472,1.0,0.0,0.0,0.0,26.68,0.0,26.68,FLOODED,True
2.8333,170,MH_VL_009,12.9857,80.2255,0.015,7e-06,8.6e-05,0.0,0.0,8.6e-05,8.6e-05,0.026,0.76,0.03,0.76,SAFE,True
2.8333,170,MH_VL_010,12.9667,80.2265,0.554,0.00014,0.000141,0.4161,0.03,0.0,0.0,0.0,0.38,0.0,0.38,SAFE,False
2.8333,170,MH_VL_011,12.9867,80.2195,0.003,3e-06,3e-06,0.2991,0.0,0.0,0.0,0.0,0.14,0.0,0.14,SAFE,False
2.8333,170,MH_VL_012,12.9739,80.2268,24.527,0.009807,0.009809,0.186,5.27,0.0,0.0,0.0,22.67,0.0,22.67,FLOODED,True
2.8333,170,MH_VL_013,12.9802,80.2143,0.081,2e-05,2e-05,0.4145,0.0,0.0,0.0,0.0,14.39,0.0,14.39,CAUTION,False
2.8333,170,MH_VL_014,12.9745,80.2347,0.352,0.000141,0.014916,0.0,0.0,0.014916,0.014916,4.475,0.39,4.97,4.97,SAFE,True
2.8333,170,MH_VL_015,12.9821,80.2311,4.496,0.001284,0.014755,0.1284,11.49,0.0,0.0,0.0,8.03,0.0,8.03,CAUTION,False
2.8333,170,MH_VL_016,12.9851,80.22,0.033,9e-06,9e-06,0.5398,0.0,0.0,0.0,0.0,5.07,0.0,5.07,CAUTION,False
2.8333,170,MH_VL_017,12.9792,80.2279,4.628,0.003652,0.003662,0.5421,0.68,0.0,0.0,0.0,4.35,0.0,4.35,SAFE,False
2.8333,170,MH_VL_018,12.9871,80.2261,0.002,1e-06,1e-06,0.4969,0.0,0.0,0.0,0.0,0.0,0.0,0.0,SAFE,False
2.8333,170,MH_VL_019,12.9836,80.2235,0.339,0.000124,0.001551,0.0,0.0,0.001551,0.001551,0.465,7.28,0.62,7.28,CAUTION,True
2.8333,170,MH_VL_020,12.9796,80.219,5.289,0.0038,0.0038,1.4753,0.26,0.0,0.0,0.0,63.26,0.0,63.26,FLOODED,True
2.8333,170,MH_VL_021,12.9839,80.2315,0.864,0.00067,0.004098,0.0,0.0,0.004098,0.004098,1.229,5.7,0.95,5.7,CAUTION,True
2.8333,170,MH_VL_022,12.982,80.2249,1.484,0.001879,0.001879,0.8511,0.22,0.0,0.0,0.0,18.89,0.0,18.89,FLOODED,True
2.8333,170,MH_VL_023,12.9767,80.2163,3.245,0.000799,0.000799,1.0722,0.07,0.0,0.0,0.0,64.79,0.0,64.79,FLOODED,True
2.8333,170,MH_VL_024,12.9679,80.2321,0.015,7e-06,0.001687,0.0,0.0,0.001687,0.001687,0.506,0.01,0.53,0.53,SAFE,True
2.8333,170,MH_VL_025,12.9723,80.214,0.3,0.000145,0.000145,1.9701,0.01,0.0,0.0,0.0,0.38,0.0,0.38,SAFE,False
2.8333,170,MH_VL_026,12.9716,80.2225,38.791,0.027834,0.027834,0.0,0.0,0.027834,0.027834,8.35,78.77,4.24,78.77,FLOODED,True
2.8333,170,MH_VL_027,12.9868,80.2175,0.001,0.0,0.0,0.6562,0.0,0.0,0.0,0.0,0.02,0.0,0.02,SAFE,False
2.8333,170,MH_VL_028,12.9688,80.2291,0.655,0.000258,0.003723,0.0,0.0,0.003723,0.003723,1.117,0.46,1.03,1.03,SAFE,True
2.8333,170,MH_VL_029,12.98,80.2222,9.953,0.003373,0.003376,0.4247,0.79,0.0,0.0,0.0,2.53,0.0,2.53,SAFE,False
2.8333,170,MH_VL_030,12.9858,80.2177,0.004,1e-06,3e-06,0.0,0.0,3e-06,3e-06,0.001,0.04,0.0,0.04,SAFE,True
2.8333,170,MH_VL_031,12.9887,80.2121,0.0,0.0,5e-06,1.1871,0.0,0.0,0.0,0.0,0.0,0.0,0.0,SAFE,False
2.8333,170,MH_VL_032,12.9783,80.2131,0.057,1.9e-05,1.9e-05,1.1386,0.0,0.0,0.0,0.0,16.45,0.0,16.45,FLOODED,True
2.8333,170,MH_VL_033,12.9691,80.2232,9.667,0.003513,0.003513,0.7546,0.47,0.0,0.0,0.0,9.94,0.0,9.94,CAUTION,False
2.8333,170,MH_VL_034,12.9882,80.2289,0.0,0.0,0.014337,0.0,0.0,0.014337,0.014337,4.301,0.09,7.42,7.42,CAUTION,True
2.8333,170,MH_VL_035,12.975,80.2268,24.968,0.010262,0.010824,0.5575,1.94,0.0,0.0,0.0,5.17,0.0,5.17,CAUTION,False
2.8333,170,MH_VL_036,12.9763,80.2162,3.29,0.001082,0.001082,3.8254,0.03,0.0,0.0,0.0,10.67,0.0,10.67,CAUTION,False
2.8333,170,MH_VL_037,12.9788,80.2247,18.116,0.004033,0.004567,0.0,0.0,0.004567,0.004567,1.37,65.02,2.54,65.02,FLOODED,True
2.8333,170,MH_VL_038,12.9665,80.2117,0.002,1e-06,1e-06,5.9913,0.0,0.0,0.0,0.0,0.0,0.0,0.0,SAFE,False
2.8333,170,MH_VL_039,12.971,80.2267,11.738,0.008602,0.008602,0.862,1.0,0.0,0.0,0.0,0.27,0.0,0.27,SAFE,False
2.8333,170,MH_VL_040,12.9884,80.2243,0.0,0.0,0.008607,0.0,0.0,0.008607,0.008607,2.582,0.02,0.9,0.9,SAFE,True
2.8333,170,MH_VL_041,12.9852,80.2148,0.001,0.0,0.0,1.2129,0.0,0.0,0.0,0.0,0.53,0.0,0.53,SAFE,False
2.8333,170,MH_VL_042,12.9756,80.2217,59.785,0.01106,0.011063,0.0,0.0,0.011063,0.011063,3.319,96.94,7.54,96.94,FLOODED,True
2.8333,170,MH_VL_043,12.9896,80.2125,0.0,0.0,7e-06,4.4582,0.0,0.0,0.0,0.0,0.0,0.0,0.0,SAFE,False
2.8333,170,MH_VL_044,12.9677,80.2148,0.048,1.8e-05,1.8e-05,2.9329,0.0,0.0,0.0,0.0,0.17,0.0,0.17,SAFE,False
2.8333,170,MH_VL_045,12.9696,80.2216,12.729,0.00472,0.004731,3.2312,0.15,0.0,0.0,0.0,72.12,0.0,72.12,FLOODED,True
2.8333,170,MH_VL_046,12.9864,80.2124,0.0,0.0,0.0,3.2114,0.0,0.0,0.0,0.0,0.02,0.0,0.02,SAFE,False
2.8333,170,MH_VL_047,12.9892,80.2332,0.0,0.0,0.006635,0.0,0.0,0.006635,0.006635,1.99,0.0,1.79,1.79,SAFE,True
2.8333,170,MH_VL_048,12.977,80.2316,7.322,0.001904,0.001904,1.2624,0.15,0.0,0.0,0.0,0.53,0.0,0.53,SAFE,False
2.8333,170,MH_VL_049,12.9896,80.2166,0.0,0.0,0.0,5.3659,0.0,0.0,0.0,0.0,0.0,0.0,0.0,SAFE,False
2.8333,170,MH_VL_050,12.9889,80.2349,0.0,0.0,0.0,0.0,0.0,0.0,0.0,0.0,0.0,0.0,0.0,SAFE,True
2.9167,175,MH_VL_001,12.981,80.2106,0.008,3e-06,3e-06,0.427,0.0,0.0,0.0,0.0,0.01,0.0,0.01,SAFE,False
2.9167,175,MH_VL_002,12.9834,80.2269,0.198,5.3e-05,5.6e-05,0.0,0.0,5.6e-05,5.6e-05,0.017,4.99,0.03,4.99,SAFE,True
2.9167,175,MH_VL_003,12.9658,80.2123,0.001,1e-06,1e-06,1.0287,0.0,0.0,0.0,0.0,0.02,0.0,0.02,SAFE,False
2.9167,175,MH_VL_004,12.979,80.2279,5.217,0.00184,0.00259,0.0,0.0,0.00259,0.00259,0.777,72.35,1.08,72.35,FLOODED,True
2.9167,175,MH_VL_005,12.9762,80.217,5.91,0.001524,0.001524,0.4434,0.34,0.0,0.0,0.0,67.94,0.0,67.94,FLOODED,True
2.9167,175,MH_VL_006,12.9735,80.2139,0.303,7.9e-05,7.9e-05,0.4845,0.02,0.0,0.0,0.0,25.58,0.0,25.58,FLOODED,True
2.9167,175,MH_VL_007,12.9674,80.2312,0.033,1.1e-05,0.001453,0.0,0.0,0.001453,0.001453,0.436,0.02,0.53,0.53,SAFE,True
2.9167,175,MH_VL_008,12.9832,80.2234,0.544,0.00052,0.001363,0.1472,0.93,0.0,0.0,0.0,27.85,0.0,27.85,FLOODED,True
2.9167,175,MH_VL_009,12.9857,80.2255,0.015,7e-06,9.5e-05,0.0,0.0,9.5e-05,9.5e-05,0.028,0.77,0.04,0.77,SAFE,True
2.9167,175,MH_VL_010,12.9667,80.2265,0.617,0.000156,0.000157,0.4161,0.04,0.0,0.0,0.0,0.43,0.0,0.43,SAFE,False
2.9167,175,MH_VL_011,12.9867,80.2195,0.002,3e-06,3e-06,0.2991,0.0,0.0,0.0,0.0,0.14,0.0,0.14,SAFE,False
2.9167,175,MH_VL_012,12.9739,80.2268,26.243,0.010493,0.010494,0.186,5.64,0.0,0.0,0.0,24.91,0.0,24.91,FLOODED,True
2.9167,175,MH_VL_013,12.9802,80.2143,0.068,1.7e-05,1.7e-05,0.4145,0.0,0.0,0.0,0.0,14.45,0.0,14.45,CAUTION,False
2.9167,175,MH_VL_014,12.9745,80.2347,0.405,0.000163,0.015523,0.0,0.0,0.015523,0.015523,4.657,0.48,5.17,5.17,CAUTION,True
2.9167,175,MH_VL_015,12.9821,80.2311,4.166,0.00119,0.015343,0.1284,11.95,0.0,0.0,0.0,7.88,0.0,7.88,CAUTION,False
2.9167,175,MH_VL_016,12.9851,80.22,0.03,8e-06,8e-06,0.5398,0.0,0.0,0.0,0.0,5.17,0.0,5.17,CAUTION,False
2.9167,175,MH_VL_017,12.9792,80.2279,4.626,0.00365,0.003659,0.5421,0.67,0.0,0.0,0.0,4.21,0.0,4.21,SAFE,False
2.9167,175,MH_VL_018,12.9871,80.2261,0.001,1e-06,1e-06,0.4969,0.0,0.0,0.0,0.0,0.0,0.0,0.0,SAFE,False
2.9167,175,MH_VL_019,12.9836,80.2235,0.323,0.000118,0.001414,0.0,0.0,0.001414,0.001414,0.424,7.52,0.57,7.52,CAUTION,True
2.9167,175,MH_VL_020,12.9796,80.219,4.804,0.003451,0.003451,1.4753,0.23,0.0,0.0,0.0,63.04,0.0,63.04,FLOODED,True
2.9167,175,MH_VL_021,12.9839,80.2315,0.793,0.000615,0.003809,0.0,0.0,0.003809,0.003809,1.143,5.82,0.89,5.82,CAUTION,True
2.9167,175,MH_VL_022,12.982,80.2249,1.461,0.001849,0.001849,0.8511,0.22,0.0,0.0,0.0,19.35,0.0,19.35,FLOODED,True
2.9167,175,MH_VL_023,12.9767,80.2163,2.871,0.000707,0.000707,1.0722,0.07,0.0,0.0,0.0,64.37,0.0,64.37,FLOODED,True
2.9167,175,MH_VL_024,12.9679,80.2321,0.018,9e-06,0.001577,0.0,0.0,0.001577,0.001577,0.473,0.01,0.49,0.49,SAFE,True
2.9167,175,MH_VL_025,12.9723,80.214,0.263,0.000127,0.000127,1.9701,0.01,0.0,0.0,0.0,0.34,0.0,0.34,SAFE,False
2.9167,175,MH_VL_026,12.9716,80.2225,39.279,0.028184,0.028184,0.0,0.0,0.028184,0.028184,8.455,79.23,4.29,79.23,FLOODED,True
2.9167,175,MH_VL_027,12.9868,80.2175,0.001,0.0,0.0,0.6562,0.0,0.0,0.0,0.0,0.02,0.0,0.02,SAFE,False
2.9167,175,MH_VL_028,12.9688,80.2291,0.751,0.000296,0.003598,0.0,0.0,0.003598,0.003598,1.079,0.54,1.0,1.0,SAFE,True
2.9167,175,MH_VL_029,12.98,80.2222,9.505,0.003221,0.003224,0.4247,0.76,0.0,0.0,0.0,2.44,0.0,2.44,SAFE,False
2.9167,175,MH_VL_030,12.9858,80.2177,0.003,1e-06,3e-06,0.0,0.0,3e-06,3e-06,0.001,0.03,0.0,0.03,SAFE,True
2.9167,175,MH_VL_031,12.9887,80.2121,0.0,0.0,4e-06,1.1871,0.0,0.0,0.0,0.0,0.0,0.0,0.0,SAFE,False
2.9167,175,MH_VL_032,12.9783,80.2131,0.047,1.6e-05,1.6e-05,1.1386,0.0,0.0,0.0,0.0,16.52,0.0,16.52,FLOODED,True
2.9167,175,MH_VL_033,12.9691,80.2232,10.065,0.003657,0.003657,0.7546,0.48,0.0,0.0,0.0,10.82,0.0,10.82,CAUTION,False
2.9167,175,MH_VL_034,12.9882,80.2289,0.0,0.0,0.015057,0.0,0.0,0.015057,0.015057,4.517,0.09,7.79,7.79,CAUTION,True
2.9167,175,MH_VL_035,12.975,80.2268,26.527,0.010903,0.0114,0.5575,2.04,0.0,0.0,0.0,5.54,0.0,5.54,CAUTION,False
2.9167,175,MH_VL_036,12.9763,80.2162,2.914,0.000959,0.000959,3.8254,0.03,0.0,0.0,0.0,10.72,0.0,10.72,CAUTION,False
2.9167,175,MH_VL_037,12.9788,80.2247,18.142,0.004039,0.004512,0.0,0.0,0.004512,0.004512,1.354,65.07,2.51,65.07,FLOODED,True
2.9167,175,MH_VL_038,12.9665,80.2117,0.002,1e-06,1e-06,5.9913,0.0,0.0,0.0,0.0,0.0,0.0,0.0,SAFE,False
2.9167,175,MH_VL_039,12.971,80.2267,12.774,0.009362,0.009362,0.862,1.09,0.0,0.0,0.0,0.29,0.0,0.29,SAFE,False
2.9167,175,MH_VL_040,12.9884,80.2243,0.0,0.0,0.009366,0.0,0.0,0.009366,0.009366,2.81,0.02,0.98,0.98,SAFE,True
2.9167,175,MH_VL_041,12.9852,80.2148,0.001,0.0,0.0,1.2129,0.0,0.0,0.0,0.0,0.54,0.0,0.54,SAFE,False
2.9167,175,MH_VL_042,12.9756,80.2217,58.214,0.01077,0.010773,0.0,0.0,0.010773,0.010773,3.232,96.86,7.34,96.86,FLOODED,True
2.9167,175,MH_VL_043,12.9896,80.2125,0.0,0.0,6e-06,4.4582,0.0,0.0,0.0,0.0,0.0,0.0,0.0,SAFE,False
2.9167,175,MH_VL_044,12.9677,80.2148,0.044,1.6e-05,1.6e-05,2.9329,0.0,0.0,0.0,0.0,0.17,0.0,0.17,SAFE,False
2.9167,175,MH_VL_045,12.9696,80.2216,12.863,0.00477,0.00478,3.2312,0.15,0.0,0.0,0.0,72.5,0.0,72.5,FLOODED,True
2.9167,175,MH_VL_046,12.9864,80.2124,0.0,0.0,0.0,3.2114,0.0,0.0,0.0,0.0,0.02,0.0,0.02,SAFE,False
2.9167,175,MH_VL_047,12.9892,80.2332,0.0,0.0,0.00671,0.0,0.0,0.00671,0.00671,2.013,0.0,1.81,1.81,SAFE,True
2.9167,175,MH_VL_048,12.977,80.2316,7.423,0.00193,0.00193,1.2624,0.15,0.0,0.0,0.0,0.55,0.0,0.55,SAFE,False
2.9167,175,MH_VL_049,12.9896,80.2166,0.0,0.0,0.0,5.3659,0.0,0.0,0.0,0.0,0.0,0.0,0.0,SAFE,False
2.9167,175,MH_VL_050,12.9889,80.2349,0.0,0.0,0.0,0.0,0.0,0.0,0.0,0.0,0.0,0.0,0.0,SAFE,True
3.0,180,MH_VL_001,12.981,80.2106,0.008,2e-06,2e-06,0.427,0.0,0.0,0.0,0.0,0.01,0.0,0.01,SAFE,False
3.0,180,MH_VL_002,12.9834,80.2269,0.192,5.2e-05,5.4e-05,0.0,0.0,5.4e-05,5.4e-05,0.016,5.02,0.03,5.02,CAUTION,True
3.0,180,MH_VL_003,12.9658,80.2123,0.001,1e-06,1e-06,1.0287,0.0,0.0,0.0,0.0,0.02,0.0,0.02,SAFE,False
3.0,180,MH_VL_004,12.979,80.2279,5.281,0.001862,0.002535,0.0,0.0,0.002535,0.002535,0.761,72.12,1.06,72.12,FLOODED,True
3.0,180,MH_VL_005,12.9762,80.217,5.303,0.001367,0.001367,0.4434,0.31,0.0,0.0,0.0,67.35,0.0,67.35,FLOODED,True
3.0,180,MH_VL_006,12.9735,80.2139,0.263,6.9e-05,6.9e-05,0.4845,0.01,0.0,0.0,0.0,25.79,0.0,25.79,FLOODED,True
3.0,180,MH_VL_007,12.9674,80.2312,0.04,1.3e-05,0.001347,0.0,0.0,0.001347,0.001347,0.404,0.03,0.49,0.49,SAFE,True
3.0,180,MH_VL_008,12.9832,80.2234,0.518,0.000495,0.001266,0.1472,0.86,0.0,0.0,0.0,29.0,0.0,29.0,FLOODED,True
3.0,180,MH_VL_009,12.9857,80.2255,0.014,7e-06,0.000104,0.0,0.0,0.000104,0.000104,0.031,0.77,0.04,0.77,SAFE,True
3.0,180,MH_VL_010,12.9667,80.2265,0.686,0.000173,0.000174,0.4161,0.04,0.0,0.0,0.0,0.48,0.0,0.48,SAFE,False
3.0,180,MH_VL_011,12.9867,80.2195,0.002,2e-06,2e-06,0.2991,0.0,0.0,0.0,0.0,0.14,0.0,0.14,SAFE,False
3.0,180,MH_VL_012,12.9739,80.2268,28.019,0.011203,0.011204,0.186,6.02,0.0,0.0,0.0,27.31,0.0,27.31,FLOODED,True
3.0,180,MH_VL_013,12.9802,80.2143,0.057,1.4e-05,1.4e-05,0.4145,0.0,0.0,0.0,0.0,14.5,0.0,14.5,CAUTION,False
3.0,180,MH_VL_014,12.9745,80.2347,0.465,0.000187,0.016177,0.0,0.0,0.016177,0.016177,4.853,0.57,5.39,5.39,CAUTION,True
3.0,180,MH_VL_015,12.9821,80.2311,3.841,0.001097,0.015976,0.1284,12.44,0.0,0.0,0.0,7.71,0.0,7.71,CAUTION,False
3.0,180,MH_VL_016,12.9851,80.22,0.026,7e-06,7e-06,0.5398,0.0,0.0,0.0,0.0,5.27,0.0,5.27,CAUTION,False
3.0,180,MH_VL_017,12.9792,80.2279,4.647,0.003667,0.003675,0.5421,0.68,0.0,0.0,0.0,4.08,0.0,4.08,SAFE,False
3.0,180,MH_VL_018,12.9871,80.2261,0.001,1e-06,1e-06,0.4969,0.0,0.0,0.0,0.0,0.0,0.0,0.0,SAFE,False
3.0,180,MH_VL_019,12.9836,80.2235,0.307,0.000112,0.001287,0.0,0.0,0.001287,0.001287,0.386,7.75,0.51,7.75,CAUTION,True
3.0,180,MH_VL_020,12.9796,80.219,4.354,0.003128,0.003128,1.4753,0.21,0.0,0.0,0.0,62.83,0.0,62.83,FLOODED,True
3.0,180,MH_VL_021,12.9839,80.2315,0.724,0.000562,0.003535,0.0,0.0,0.003535,0.003535,1.061,5.94,0.82,5.94,CAUTION,True
3.0,180,MH_VL_022,12.982,80.2249,1.435,0.001816,0.001816,0.8511,0.21,0.0,0.0,0.0,19.81,0.0,19.81,FLOODED,True
3.0,180,MH_VL_023,12.9767,80.2163,2.538,0.000625,0.000625,1.0722,0.06,0.0,0.0,0.0,63.98,0.0,63.98,FLOODED,True
3.0,180,MH_VL_024,12.9679,80.2321,0.022,1.1e-05,0.001476,0.0,0.0,0.001476,0.001476,0.443,0.01,0.46,0.46,SAFE,True
3.0,180,MH_VL_025,12.9723,80.214,0.23,0.000111,0.000111,1.9701,0.01,0.0,0.0,0.0,0.31,0.0,0.31,SAFE,False
3.0,180,MH_VL_026,12.9716,80.2225,39.67,0.028465,0.028465,0.0,0.0,0.028465,0.028465,8.539,79.66,4.33,79.66,FLOODED,True
3.0,180,MH_VL_027,12.9868,80.2175,0.001,0.0,0.0,0.6562,0.0,0.0,0.0,0.0,0.02,0.0,0.02,SAFE,False
3.0,180,MH_VL_028,12.9688,80.2291,0.86,0.000339,0.003478,0.0,0.0,0.003478,0.003478,1.043,0.64,0.97,0.97,SAFE,True
3.0,180,MH_VL_029,12.98,80.2222,9.053,0.003068,0.003071,0.4247,0.72,0.0,0.0,0.0,2.35,0.0,2.35,SAFE,False
3.0,180,MH_VL_030,12.9858,80.2177,0.003,1e-06,3e-06,0.0,0.0,3e-06,3e-06,0.001,0.03,0.0,0.03,SAFE,True
3.0,180,MH_VL_031,12.9887,80.2121,0.0,0.0,4e-06,1.1871,0.0,0.0,0.0,0.0,0.0,0.0,0.0,SAFE,False
3.0,180,MH_VL_032,12.9783,80.2131,0.046,1.5e-05,1.5e-05,1.1386,0.0,0.0,0.0,0.0,16.58,0.0,16.58,FLOODED,True
3.0,180,MH_VL_033,12.9691,80.2232,10.451,0.003798,0.003798,0.7546,0.5,0.0,0.0,0.0,11.74,0.0,11.74,CAUTION,False
3.0,180,MH_VL_034,12.9882,80.2289,0.0,0.0,0.015798,0.0,0.0,0.015798,0.015798,4.739,0.09,8.17,8.17,CAUTION,True
3.0,180,MH_VL_035,12.975,80.2268,28.124,0.011559,0.012,0.5575,2.15,0.0,0.0,0.0,5.93,0.0,5.93,CAUTION,False
3.0,180,MH_VL_036,12.9763,80.2162,2.578,0.000848,0.000848,3.8254,0.02,0.0,0.0,0.0,10.77,0.0,10.77,CAUTION,False
3.0,180,MH_VL_037,12.9788,80.2247,18.123,0.004035,0.004454,0.0,0.0,0.004454,0.004454,1.336,65.11,2.47,65.11,FLOODED,True
3.0,180,MH_VL_038,12.9665,80.2117,0.002,1e-06,1e-06,5.9913,0.0,0.0,0.0,0.0,0.0,0.0,0.0,SAFE,False
3.0,180,MH_VL_039,12.971,80.2267,13.872,0.010167,0.010167,0.862,1.18,0.0,0.0,0.0,0.32,0.0,0.32,SAFE,False
3.0,180,MH_VL_040,12.9884,80.2243,0.0,0.0,0.010171,0.0,0.0,0.010171,0.010171,3.051,0.02,1.06,1.06,SAFE,True
3.0,180,MH_VL_041,12.9852,80.2148,0.0,0.0,0.0,1.2129,0.0,0.0,0.0,0.0,0.54,0.0,0.54,SAFE,False
3.0,180,MH_VL_042,12.9756,80.2217,56.54,0.01046,0.010462,0.0,0.0,0.010462,0.010462,3.139,96.77,7.13,96.77,FLOODED,True
3.0,180,MH_VL_043,12.9896,80.2125,0.0,0.0,6e-06,4.4582,0.0,0.0,0.0,0.0,0.0,0.0,0.0,SAFE,False
3.0,180,MH_VL_044,12.9677,80.2148,0.04,1.5e-05,1.5e-05,2.9329,0.0,0.0,0.0,0.0,0.17,0.0,0.17,SAFE,False
3.0,180,MH_VL_045,12.9696,80.2216,12.965,0.004807,0.004817,3.2312,0.15,0.0,0.0,0.0,72.87,0.0,72.87,FLOODED,True
3.0,180,MH_VL_046,12.9864,80.2124,0.0,0.0,0.0,3.2114,0.0,0.0,0.0,0.0,0.02,0.0,0.02,SAFE,False
3.0,180,MH_VL_047,12.9892,80.2332,0.0,0.0,0.006765,0.0,0.0,0.006765,0.006765,2.029,0.0,1.83,1.83,SAFE,True
3.0,180,MH_VL_048,12.977,80.2316,7.494,0.001948,0.001948,1.2624,0.15,0.0,0.0,0.0,0.56,0.0,0.56,SAFE,False
3.0,180,MH_VL_049,12.9896,80.2166,0.0,0.0,0.0,5.3659,0.0,0.0,0.0,0.0,0.0,0.0,0.0,SAFE,False
3.0,180,MH_VL_050,12.9889,80.2349,0.0,0.0,0.0,0.0,0.0,0.0,0.0,0.0,0.0,0.0,0.0,SAFE,True
